1,43709,S,1.83504060378508,100.403723979835
2,43651,H,4.43183671391181,91.068378097339
3,44110,H,6.01358839097091,121.145795871695
4,43625,S,2.76131034894765,88.0800583807135
5,44099,H,4.81711802815189,117.277345250893
6,44114,H,6.55370835475981,98.3013030094481
7,43466,S,2.42190180195322,99.4031960763018
8,43918,H,4.91029227130283,118.730438992206
9,44136,H,4.7304496024002,105.186326401779
10,44051,S,5.01322917151905,97.7165548072324
11,43819,S,2.05180277335755,103.144874530144
12,43600,S,4.19493364779145,105.566664600828
13,43901,S,3.48640187580319,106.709438712363
14,44102,H,4.43163972209883,120.402123671352
15,43548,S,1.44167961017365,94.5089581202448
16,43623,H,4.99894139242295,109.569105742146
17,43537,S,2.50158607481518,86.0676236008575
18,44089,S,3.47001758507965,103.17589193846
19,44122,S,3.57754855997906,103.921455138265
20,43954,S,3.36280895581839,93.6622339146066
21,43847,S,2.71571419224335,115.674381490334
22,43958,S,1.62257078383564,127.367504917384
23,43704,S,2.97155572713253,112.103751496354
24,43557,H,5.86900685041689,109.843189860287
25,44020,H,4.84543029871238,125.80733570433
26,43608,S,3.56310229348869,106.24252337538
27,43934,S,4.60655870842865,90.1468890292002
28,44052,S,2.17878758131308,111.448292772458
29,43528,H,4.6713000263765,117.296490490438
30,43951,S,3.50549108229336,105.447242916586
31,43867,H,4.59898091098708,105.21445061955
32,43538,H,5.0646483618157,105.067721053939
33,44177,H,6.5130983663181,104.174624263345
34,43897,S,3.10473953451736,99.1462970107485
35,44039,H,3.81611582049132,108.222930200392
36,43904,H,5.50708748795032,116.821840262561
37,43668,H,5.26712007382473,113.988700875007
38,44101,H,4.38687029110629,111.973676337076
39,44150,H,3.8183885936637,104.207991415712
40,43676,H,4.29067827567017,99.9853663804452
41,44069,H,5.93940461072731,130.830436467729
42,44075,H,5.57078031214213,111.264853615747
43,43581,H,6.10732791361657,99.7218160196545
44,43559,S,2.54511326712601,84.512660186992
45,43652,H,3.48217776384502,97.1608574366496
46,43650,H,6.11645324223098,107.897746098297
47,43839,S,2.17468365165181,101.051678353137
48,43467,S,4.39959510799573,94.6510070211962
49,44120,H,5.83815914465151,116.600763605594
50,44036,S,3.12374213574019,95.288613462478
51,44092,H,6.25282493646381,114.242068998659
52,44131,H,4.93226347104848,107.530392753728
53,44193,H,5.02718021127687,108.621010388826
54,43962,H,6.53150385666385,113.211883793596
55,43687,S,3.28752659797875,98.6077587138078
56,43631,H,4.59815620368126,96.5762718614526
57,43941,H,5.11424478621703,104.905688018933
58,44128,S,2.14952109848105,102.976580877745
59,43588,H,5.28034350938138,111.929157968154
60,43964,H,4.68802999766089,121.556327899774
61,43609,S,2.64694254229209,103.080144702141
62,44089,H,4.79887714580271,116.946948780677
63,43830,H,3.74122096594643,121.689282741679
64,44010,S,4.59738729291182,96.192056468458
65,43584,S,3.39962387409551,97.7987042803596
66,44181,H,4.7814603240027,117.797066605402
67,43817,H,5.03347282666585,117.947445869679
68,43928,H,5.3669535159894,98.1853498164238
69,43829,S,3.90113790573551,102.066006886969
70,43643,H,6.83873795179267,116.145034129835
71,44107,S,1.93698500951142,115.461513140912
72,44101,S,4.30691502311647,90.9406243783609
73,43668,S,4.08448231965889,111.482513702508
74,43568,H,5.21683345330534,124.256922341587
75,44000,S,4.15412881353244,100.055262077163
76,43878,H,4.55709894771278,115.689945550216
77,44151,S,3.47522549300318,103.120501517609
78,43785,H,5.72915761052509,104.370141781292
79,44005,S,4.07433629781934,93.672326228506
80,43472,S,2.92004541269814,102.219172866606
81,43617,S,2.60485451977926,90.8056211357792
82,43474,S,3.02983546945568,109.439321598797
83,43901,S,4.27706416836654,99.2425316526972
84,43996,S,3.53575569570755,93.0580032157473
85,43644,S,3.15593913075891,96.3714453179725
86,44074,S,3.25605040972296,94.5247798708679
87,43620,H,5.51888984733359,111.813328531911
88,44118,S,4.1883168469076,88.9458232019583
89,44064,S,3.32162584155511,106.715651658403
90,43599,H,4.60013623560015,115.722732080571
91,43507,S,4.06419551439816,107.00747999967
92,43989,S,3.09694633121853,111.391783691287
93,44142,H,4.24670326275559,93.1276395140776
94,43744,S,2.90021394625077,107.0703774741
95,43594,S,3.22441128362377,95.7090441531895
96,44058,S,2.02354021748903,112.628600042367
97,44194,H,2.83976263512411,110.558666584901
98,44029,S,1.87781312332417,97.5438482959828
99,43670,S,2.48195184910469,108.198438131193
100,43767,S,2.61790266538412,117.546802428793
101,43767,H,3.92105080499385,104.607541727003
102,43471,H,4.35027852450487,100.957894930621
103,44054,S,2.22825925403586,103.327632824173
104,43864,H,6.42050580696408,106.768700674431
105,43795,S,3.14273911209234,109.416060484919
106,44101,S,1.63086085109384,88.475356587698
107,43725,H,4.84559275297361,116.922883796075
108,43510,S,4.6427063324066,112.741595493856
109,43699,H,4.50570016156518,114.987517788879
110,43979,H,3.74962577415332,119.131674642563
111,44147,H,6.11827426713839,103.872767355567
112,44108,S,4.49899920893103,99.3595833565702
113,43955,H,3.98644415667778,118.875565539442
114,43845,S,4.46848266952919,102.251139659339
115,43825,H,6.48161981395251,98.2725362662854
116,44057,S,2.56524855792718,88.4987607566495
117,43842,H,4.65875609229219,116.791975187428
118,44181,S,4.06207218387055,104.292174470684
119,43726,H,5.48511030199439,102.138707473849
120,43805,H,4.52407448106155,107.870639487979
121,43697,S,2.74593084931494,116.809296524048
122,44019,H,4.45377967812716,111.473266976162
123,43943,H,4.87757600240603,107.428144962774
124,43631,S,4.27595540638639,109.543353228158
125,43875,S,2.09170549990122,105.044916195954
126,43720,H,2.76159478795419,114.143911046317
127,44007,H,4.21818269298277,122.955328491852
128,44054,S,2.21628111826092,116.473370631342
129,44049,S,3.21453432523654,109.896346197806
130,43846,S,3.66407733918543,102.603846915618
131,43537,H,5.7989451549399,112.899875901866
132,44099,H,5.09614294470037,105.341156001437
133,44183,S,2.85416007554502,94.9476697318036
134,44188,H,7.05597018531941,121.452135065182
135,43678,S,2.99313190105545,93.371298457958
136,44107,H,3.85566835895984,115.751278538016
137,44132,H,5.2332039860081,108.921748170537
138,44136,S,3.82527657059679,85.624531753499
139,43755,H,5.24032200044735,113.348711666622
140,43498,S,1.28582191140964,86.136694813899
141,43568,H,5.86662402218038,115.846647998981
142,43986,S,3.35637533210955,104.140994772749
143,43521,H,6.99169390785475,114.144312702438
144,44130,H,4.06926368751267,116.061659543769
145,43944,S,3.39770994834526,92.5319756038611
146,43497,S,0.345858968680561,84.4562400198135
147,43685,S,3.73476786653297,108.468811106969
148,44060,S,2.75278527506422,94.31965745594
149,44188,S,4.06975215644889,116.779894894386
150,43778,S,2.77754031376799,94.1898150821227
151,44007,S,3.8633980908618,101.685051444089
152,43936,S,2.48144206915629,89.6567852111909
153,43738,S,4.08307328438258,101.681044297862
154,43747,S,3.10981122275559,94.5440069605073
155,43920,S,4.10895645407505,106.154106092646
156,43957,S,2.50193583714245,107.298688963914
157,43653,S,3.82845208152817,87.93419386188
158,44179,S,2.76519364016934,102.246819876126
159,44186,H,5.60536063097235,102.282521570654
160,44106,S,2.92756042135136,102.923790211888
161,44119,H,5.73708180097878,117.191297867048
162,43843,S,3.89389028625129,100.528520844622
163,44195,H,6.22564551847472,109.100967032598
164,43544,S,1.160870617395,118.916830985262
165,44106,S,2.92988324365163,89.423719788635
166,43896,H,5.5662299179791,108.25866054696
167,43732,S,3.55029589253964,101.373088785134
168,44179,S,2.16881959040775,103.411722974185
169,43912,H,7.06641434026508,102.897030649104
170,43832,S,5.40461483780674,94.5237230000429
171,43991,H,3.7368654747423,99.8624931463099
172,43892,S,2.33621934925371,107.72003448927
173,43899,H,3.59694555104226,115.014014426358
174,44158,S,2.02481194177483,110.730205694195
175,43939,S,1.79754017148172,88.8326940930373
176,43526,H,3.98333219734078,106.640315397016
177,43512,S,1.7030998128862,110.759013313073
178,43497,S,3.6531138614764,104.944001846729
179,43716,H,6.77589175340491,110.1565258813
180,44076,H,4.20693200731993,101.357602399859
181,44054,S,3.04061447203586,88.9327715327766
182,44022,S,3.62185158218004,120.73187974198
183,44116,S,3.39741991097142,110.142736100754
184,43645,H,3.36112613620621,104.785064278919
185,44023,H,4.24042611826159,113.000642232329
186,43618,S,3.00079409641631,93.3863085121341
187,44180,S,4.34861838696282,100.536256371853
188,43618,S,1.43177470515852,86.4626321519197
189,43973,S,3.01566547184669,100.396648959777
190,44015,S,5.27600198838687,107.609423101217
191,43815,S,2.82910016530524,98.9970846312261
192,44013,S,2.01253950942945,103.520525551806
193,43844,H,4.20135099551783,103.410258535582
194,43758,H,5.90640723702543,108.032158080153
195,44135,S,3.60269262591473,95.6745562719678
196,43716,S,3.01594645213705,102.330442515465
197,43702,H,4.64776187375762,103.16442942437
198,43810,S,1.86936017711745,95.7646941030165
199,43527,S,2.38241124627955,104.400241108157
200,44122,H,4.61026428202078,116.322122330716
201,43625,S,2.88517688626,92.0777314969178
202,43858,S,4.69790541735586,99.0278361563107
203,43971,H,5.39273518365262,124.10347138735
204,43756,H,6.71201496192045,119.132263150743
205,43936,S,1.99976431439473,95.9435294239432
206,44130,H,4.82482664762533,111.556678059687
207,43592,S,3.67509770938511,99.4872214114675
208,43544,S,1.43425758558417,92.169227608974
209,44102,S,3.86067546977751,107.928843079434
210,44056,H,5.94422606870418,99.3672568234389
211,44087,S,2.60614495818644,106.524992938025
212,43670,S,-0.21207534540196,88.5358162017856
213,43565,H,4.23138128628815,100.536499767756
214,43674,H,5.82196882236,121.32743022904
215,43942,H,4.43495280925396,99.4779871658771
216,43631,S,3.79810329051579,96.5755030195386
217,44031,H,3.89909107799968,132.71933056456
218,43751,H,6.16978322322348,111.814726330996
219,43618,S,3.31416733764238,91.4366528961951
220,43815,S,4.35364906183331,107.440714576253
221,43846,H,6.30025945426219,112.086097846882
222,43762,S,3.67811656023562,105.655831609143
223,43910,S,3.02974688529518,115.775743010633
224,43939,S,3.8453175695928,88.1826093638029
225,43994,H,5.54844991370917,103.486311562949
226,43569,H,4.61063183953962,106.158446719805
227,43543,H,4.73592208064573,112.473404533521
228,43940,H,5.32856945782437,89.5607097814508
229,43964,S,0.625771190118344,115.418536314334
230,43605,H,5.41982692136308,104.878354513333
231,44084,S,2.72432268649882,100.654377794568
232,44086,H,4.95135548786307,100.178643863184
233,43641,H,4.16175780523832,102.691584219379
234,43767,H,4.58116694259342,113.191148529125
235,43949,S,2.26085877230251,102.276849673198
236,43873,H,3.55404334857085,108.260146294578
237,44115,S,2.92889205891089,98.7345921637127
238,43649,S,3.5825269284258,111.344970026391
239,43639,H,5.04153401063504,114.28974347068
240,44032,S,4.46943815276346,107.295048088528
241,43671,H,4.94099707529814,129.189390314211
242,44025,H,4.56942356815464,109.051335850095
243,43870,S,2.8872891758326,106.274705709269
244,43759,H,5.08589424881463,111.541557485386
245,43974,S,4.01395090483296,91.2247090583085
246,43928,H,5.7120916490058,113.883435452259
247,43649,S,2.93998945837024,107.363192334317
248,43783,S,3.8552601165149,94.6956717017918
249,43774,S,1.83767303120311,107.812796334988
250,43977,H,5.73708476421386,112.378201752221
251,43973,H,3.84875715628946,111.587395992589
252,43529,S,3.93847187773642,98.1694905285996
253,43512,H,2.99439030512505,119.073877541689
254,43965,H,4.11644815587278,112.062817414432
255,44006,S,2.19388714172731,96.9174741283451
256,43864,S,1.74644714898381,108.996512455305
257,43945,S,3.86968283135965,119.325279476477
258,44122,H,4.32661041123876,114.316865909312
259,43503,S,4.27756831036368,103.208491125288
260,44166,H,4.04599921751684,114.76584351079
261,43530,H,5.75463232533823,106.014552756558
262,44017,H,4.79394281469445,108.367881656626
263,43578,H,5.55269634521971,104.477327190614
264,43883,S,1.73105065482773,88.1906616425235
265,43555,H,6.12603495567096,97.1083547013421
266,43998,H,3.41192380330124,115.686851848734
267,43489,H,4.45548982339188,113.611647584309
268,43643,H,5.79018628757454,93.1975484748113
269,43889,H,5.27594423524118,105.679956206124
270,43498,H,5.80247216715607,100.763497737646
271,43693,S,-0.003679346834481,94.13118634248
272,43540,S,2.38362399987927,97.3073167756619
273,44171,H,5.17176976986809,104.663642376996
274,43592,S,3.67888724905922,100.099765660147
275,43529,S,2.607824515724,117.706632329975
276,43870,S,3.37665818444276,94.8612865517877
277,43892,H,3.86343982124978,114.80854027557
278,43924,S,5.3159835421965,98.5496136683226
279,44141,S,0.754097931674793,115.262845332987
280,43499,H,4.21000469357161,118.66001766471
281,43834,H,3.88657491576824,103.811874970087
282,43601,H,4.14061562195724,110.65253499895
283,43740,H,5.978920905152,118.772117422194
284,43964,S,3.24736848315526,114.05063755218
285,43795,S,3.73476851560372,108.209298508837
286,43497,S,1.05877534890625,93.2070385511086
287,44115,S,2.69380103097963,90.6175135355878
288,43918,S,3.44612280619502,115.419012826079
289,43774,H,5.93740128969762,108.729121097455
290,43726,S,1.49873309333775,94.3484025681249
291,43991,H,5.58130565441503,112.809773685078
292,44007,H,4.99735881923615,112.487971778677
293,43985,H,4.97006084280882,107.362174132815
294,43575,H,5.94609840045194,105.466483323661
295,43790,S,3.58171439233836,104.707642254267
296,43767,S,3.40941697257137,100.523669431748
297,44188,S,4.64611248064031,99.3924373282976
298,44053,S,2.65021759216982,102.978235646269
299,44081,H,5.00667607543938,126.712765877963
300,43625,H,3.55031549206636,115.455903205426
301,43848,H,4.8399932847948,102.850631522578
302,43761,H,4.92076710503307,123.672510102007
303,44094,H,4.0103185271398,117.039849219704
304,43706,S,1.49281752055139,84.7557591365416
305,44077,S,4.5633123617438,99.5508596861812
306,44179,H,3.79843075097934,113.249709985919
307,43554,S,4.50312953288357,100.152763044744
308,44138,H,3.82294522147379,124.190456546429
309,43476,H,5.4378586020452,106.764498303933
310,43513,S,1.98732534509468,109.225294177347
311,43900,H,4.43404320093467,109.234393611922
312,43810,H,4.11753864882914,104.640747360833
313,43617,H,5.29512173407097,104.202693569673
314,43820,H,4.29851548932615,104.430793906079
315,43942,S,0.19399299752442,89.0081759304169
316,44180,S,2.88026671187558,95.3333522888968
317,43813,S,3.55687563668465,105.41314184075
318,44031,H,5.7296719653488,117.256059235522
319,43857,S,5.0613153417462,108.835515474163
320,43733,S,2.4737124459224,99.8630493184204
321,43559,H,5.40333053528795,113.919962523642
322,43575,S,3.01682128367009,96.1341772093175
323,43762,S,5.47756791370929,106.467788942865
324,43876,H,5.34035523390739,92.2615683361905
325,43749,S,1.98202944760241,103.699506923792
326,44030,S,2.6251277667619,83.4373395479815
327,44125,H,4.15394816493714,99.1384294157678
328,44189,H,4.15813182704922,107.313612608637
329,43820,S,4.00840121154175,105.311872872784
330,44068,H,3.77367496661852,109.394789620883
331,43492,S,3.10821658917162,106.882889323965
332,43677,H,6.165759174952,116.164593297381
333,43615,S,3.49694959734303,103.847666388263
334,43763,S,3.15142504019523,107.968027216364
335,44053,S,1.97470144868441,93.820840224394
336,43949,H,5.12349879497446,122.914118095368
337,43692,S,2.9896317807846,108.09522893479
338,43771,S,3.07247168139409,86.3411541623101
339,44029,H,6.02726748930776,106.849681205068
340,44114,S,3.64751879551539,106.992051817486
341,43827,H,7.15615536011512,109.921304420474
342,43760,S,2.59845250930667,103.1965322859
343,43500,H,6.55162250885192,107.563476107793
344,44192,S,2.3608064173601,92.3068869987175
345,43508,H,4.70962849498353,114.269394294384
346,43695,H,4.08330886800708,108.317061988522
347,43516,S,2.19313512404703,104.651561919919
348,43505,S,1.51132248057739,105.646215933892
349,43731,S,3.26176090930694,91.2539702791229
350,43488,H,4.93146139198335,102.398431682328
351,43599,H,5.18017022581531,115.524340301244
352,43833,S,2.71694279065805,90.8299348316761
353,43815,H,6.39251796461397,107.265186594852
354,43710,S,4.35074217556675,105.851920713777
355,44069,H,5.05498032911013,115.199005375343
356,43672,H,5.97165404147546,111.513878243909
357,43897,H,3.3774336263968,119.112939706102
358,43789,H,6.21073429695468,107.917702325906
359,43984,H,3.17478447358008,103.092930869415
360,43533,S,3.08626841379089,97.1378210430686
361,43501,S,2.94596359036713,107.653713501278
362,43509,H,6.3583572614148,122.225603309721
363,43670,H,4.66176093779093,104.529103551038
364,43516,S,4.35433832723897,85.8403356942125
365,43756,H,3.69845440587873,120.836391668108
366,44112,H,5.11572142660412,105.628742912687
367,43795,H,4.96603981588322,105.119462546311
368,43883,H,5.49615804382367,104.125455061091
369,43912,H,6.63702232386474,120.074791190313
370,43645,S,2.76199311836901,97.121017616468
371,44074,H,4.6819696623407,114.962247357846
372,43882,H,3.17339341934762,101.730217294104
373,43653,S,1.67208631302424,104.738458097739
374,44108,H,6.01157757615045,113.812703704214
375,43790,S,3.44344312068216,97.0078011434648
376,43917,S,1.76268193713607,105.702728566499
377,43862,H,2.98869657081802,86.1642482683538
378,43591,H,4.42475779343585,124.408536408956
379,43539,H,6.10477631179189,105.64334361301
380,43876,S,1.64655974541191,99.5004225630736
381,43869,H,4.51471226871742,110.912863390679
382,43493,H,4.05077565673137,115.943468943331
383,43607,S,3.72616966464754,101.578103511493
384,43689,S,3.23022512775781,108.404234724368
385,43954,H,4.72528121070236,111.016247278577
386,43574,S,1.73480397950242,111.540133908613
387,43580,H,5.73315109015642,114.628752356654
388,44146,S,2.89633230917356,106.166847548746
389,44190,H,4.15413013396591,116.385901170861
390,43578,H,5.3831383560541,117.013119249835
391,43872,H,5.01284970275701,100.703028515721
392,43470,S,3.77481042459239,99.7798331409444
393,43638,H,3.91753358164865,109.092862486005
394,43918,H,5.11778680572807,110.6572303818
395,43694,H,3.53685322590185,107.188773242971
396,44102,H,2.73449348705964,121.234232738913
397,43786,H,5.26354897456624,91.0715822150127
398,43925,S,1.30276405554847,97.7138974293147
399,44056,H,5.81290375951454,138.391932958075
400,43921,S,3.67578136021177,105.267460141629
401,44087,H,3.49043002693258,116.30548826823
402,43585,H,5.22265366803173,118.631352456951
403,43524,S,3.83466109682986,94.8329656149285
404,43974,S,4.63235448949112,97.6014583135902
405,43680,H,5.68681602735038,105.604205745864
406,43953,S,1.2451609838117,101.295089042747
407,43531,H,4.6055171123971,108.947390705062
408,43838,H,5.73614865296193,115.173169594139
409,44138,H,5.18863410778714,109.956425023907
410,44191,S,3.02480633960425,92.3231663940236
411,43588,H,5.20855498255096,104.567447453434
412,44004,H,6.54377239793409,109.216581391126
413,43675,H,6.00558361292389,117.991708659992
414,43767,S,2.16072651875913,107.156499571827
415,43952,H,6.18056401871515,116.412446141049
416,44143,H,5.42022654099854,103.91912343
417,43903,S,2.05837133634346,101.546715705125
418,43658,S,4.76713563038537,94.2738448131208
419,43776,S,2.06650675575227,106.74877540535
420,44161,S,1.62495848189745,101.298053336433
421,43900,S,2.07255392091095,105.446214748165
422,43723,H,5.66022918856438,125.149344966278
423,43644,H,4.66138311275269,103.796918882501
424,43738,S,2.87391627850325,102.547373154468
425,43523,H,5.26220514288762,103.59855190086
426,43832,S,4.42555695620457,100.841558864856
427,43525,H,3.78414543373478,111.813945787828
428,44101,S,4.6826463454988,91.1862952633988
429,43641,H,5.10573908965256,112.00038602966
430,43621,H,3.00714739120633,110.984150670492
431,43911,H,3.69411785143757,122.800009226236
432,43513,S,2.51417655113118,96.3501174333326
433,43908,S,2.169185538559,106.611677304932
434,43726,H,3.19902496084541,115.975378842738
435,43581,H,4.67322443091647,113.805017321587
436,43773,S,3.01343253391975,102.455364519197
437,43536,H,4.08554184149311,112.437289328058
438,44088,S,1.84698372822375,93.803818053011
439,44106,H,3.59781201658732,103.850470223629
440,44101,S,5.0117277799788,101.077483933643
441,43810,H,4.88032877106117,121.544975203104
442,43788,S,3.42475027457639,99.5332481627783
443,43738,S,3.21078899246121,117.965609723301
444,43942,H,5.18133953377933,103.593675647886
445,43879,H,2.47252448409674,98.5960830289821
446,44092,S,2.3569999270865,96.2621983408448
447,43915,S,3.14019695100091,87.5239424865267
448,43573,S,4.09483371965203,94.239810757326
449,44150,H,4.9158099260655,130.899415819773
450,44052,S,2.98370398133938,97.843285518931
451,43758,H,5.3485579700402,126.922794940831
452,43727,S,5.32699214637751,108.551076163801
453,44030,S,1.99148689208694,107.842528374926
454,44146,H,5.5304613178109,107.89366168812
455,43697,S,2.50515460368021,99.0719463255648
456,44055,S,3.52997263949952,121.212679443621
457,43818,S,3.99905566607106,94.2012202884832
458,43765,S,2.24050447247889,96.9210719740701
459,43996,S,2.93775402960111,101.545194810493
460,44025,S,2.83201764706633,98.8006799516809
461,43611,H,2.52455868956801,110.669338490393
462,43508,S,2.49113804256569,94.2448871305278
463,43798,H,3.44655546473968,115.192536170865
464,44089,S,3.7709671364941,105.420353186838
465,44142,H,6.21042073061934,98.8757334174001
466,43524,S,1.71006499536348,95.199955079302
467,43986,S,0.962458440796972,84.8926832485444
468,44107,S,0.523973873507049,105.259499831783
469,43898,H,3.06866169386436,129.984803829679
470,43725,H,7.61258423772614,102.5941922076
471,43919,S,4.35140883076814,108.082953307851
472,44060,H,4.10711019937096,117.253998974325
473,44145,S,2.02354353671077,116.107267589494
474,44037,H,3.45643738855018,107.363159773011
475,43510,H,5.72168153106367,101.888662610044
476,43941,S,2.76571335511936,93.5130482150566
477,43765,S,3.98957812327013,91.3480989727962
478,44178,H,6.24497094571562,102.232088121465
479,44149,H,7.73893133153852,113.372753100218
480,43710,H,5.32559771810265,85.6788209521049
481,43765,S,2.65689495383572,89.5325631153426
482,43530,H,5.27324239452382,114.246206584825
483,43952,H,5.09016232756779,109.235334552969
484,43745,H,5.8126406698239,109.576489863688
485,43718,S,3.48644342849321,94.517641009248
486,43776,S,2.83066275865754,98.8559443603272
487,43558,H,3.73973796137855,110.949894134166
488,43816,S,2.40219046980021,92.8412390429106
489,43605,H,5.16922525560127,104.373896243717
490,43842,H,2.94837020050573,99.1989641228264
491,43625,H,3.95179740779559,116.290293719558
492,43476,H,5.69308538343997,108.995884525153
493,43828,H,5.30058322492406,108.758212646551
494,43611,H,2.78985336802822,121.458046708162
495,43891,H,4.21775651275892,111.699552329762
496,43606,S,3.07939944209447,81.0761689831162
497,43532,H,4.24542550079778,105.705047512271
498,43991,H,4.51088217241618,106.272350863492
499,43708,H,5.51787322660875,102.407443788106
500,43620,S,3.64299933285356,108.508154178097
501,44003,H,5.14563260730957,116.84948829124
502,44125,S,1.88649070246782,84.5656213972843
503,43670,S,2.82390313596154,100.455976678118
504,44003,H,5.66666815429144,104.873185897446
505,43502,H,5.78841774299796,99.0584531441383
506,44162,S,2.20441659022902,110.013354589975
507,44071,H,6.69824109015929,112.505829703953
508,43979,S,0.79625522910279,97.7830017910244
509,43628,H,6.1690897298277,120.862521735996
510,43509,S,3.17931548059649,104.878947705984
511,44124,S,2.11966015267114,94.9876991139721
512,43743,H,5.13668034454865,104.876812032376
513,43871,S,5.04889601188346,95.800169793642
514,43814,S,1.15917455201135,109.259510557447
515,43670,H,5.4435117600301,112.357065159872
516,43537,H,4.65578521190324,126.734229821156
517,44034,S,3.15538199533082,100.050108899842
518,43650,H,3.49615607554923,107.642188411312
519,44006,S,3.83841054573577,112.379551173445
520,43934,H,4.57411210713806,115.311867573522
521,43473,S,2.40248431677634,97.4302309550367
522,43857,H,6.89332770899789,110.338089261148
523,43662,H,5.40829655291013,107.670208308737
524,43651,S,3.00399685893248,95.9369588827185
525,43771,S,2.89471132411892,106.717467986946
526,43776,S,4.37321532083191,101.698864545801
527,43760,S,2.1206333859802,89.1817027717802
528,43850,S,2.76008553390653,95.5602148749273
529,43568,H,4.38375989417136,113.202397377234
530,43787,S,3.20837532136596,87.5611532993225
531,43934,S,3.0340137642792,96.2229966893025
532,43794,S,2.13169158109529,105.056946707597
533,44030,H,4.80726465622614,113.7282703129
534,43716,S,2.43329161447111,102.657126034385
535,44196,S,4.17889784291075,93.3037557531138
536,43484,S,2.33483155654776,103.307667241514
537,43509,S,4.0729723781017,98.217192055877
538,44100,H,4.9589710509654,101.87056074055
539,43488,H,4.78837592305601,113.049400390023
540,43670,H,5.87462416894724,116.08246404948
541,44017,H,5.33028819116987,105.000779435492
542,44039,S,3.95601501149259,108.549703428414
543,43557,H,3.96149200839411,114.337870213644
544,44152,H,5.27953471982053,115.721396108646
545,43972,H,4.81549681357888,107.975773073306
546,44050,S,3.21924291045394,90.8384745558814
547,43610,H,6.75487921380238,120.638480539409
548,43855,H,4.57840994909492,121.070626879001
549,44155,H,2.6953842311818,118.269583731394
550,43888,S,4.31460340176516,102.36706657789
551,43772,S,3.04335402253555,109.223487788911
552,43639,H,5.78015198822901,110.024846563199
553,43481,H,4.82461914002715,125.26175539921
554,43779,H,4.10771077694563,110.02951413746
555,44078,S,3.72992399443908,98.7807566211972
556,44144,H,5.46594008195853,120.973999871895
557,43619,S,2.93507392705471,94.8616122978095
558,43730,H,5.60002990834664,110.515433876795
559,43551,S,3.43044664814122,90.9277267877158
560,43556,H,3.65503300051475,104.392818197842
561,44117,S,2.20535582758697,121.280439559867
562,43997,S,3.74286369150526,105.961215011624
563,43755,H,5.57581410234267,101.112484219008
564,43509,S,3.21997034574158,95.0615014578536
565,44035,H,5.23459949289676,92.0250597353355
566,44093,H,4.47517369059843,108.661602707313
567,43848,S,5.0353069987906,101.12062664513
568,43661,H,3.33957910067562,112.154487332318
569,43698,H,6.65284413515997,122.583520938335
570,43854,H,6.35951041172442,112.284466255119
571,43920,S,2.71611042615095,112.292402689835
572,43608,H,5.67383465726234,118.958582453554
573,43742,H,5.23274142790316,113.725324965593
574,43619,H,5.23307742324169,106.537955922052
575,44086,H,7.4296466195488,125.607485895797
576,43914,H,5.482295073342,107.261998532785
577,43472,S,3.83170680571479,103.373773507385
578,43605,S,4.63238187924211,97.3858697753675
579,44128,S,2.35668830312943,111.628939158067
580,43680,S,3.27446120155668,91.0160599915103
581,43627,H,3.12753949803992,101.319913845211
582,43938,S,2.94661296722092,105.529993874576
583,43890,H,4.56833719981406,113.404385991874
584,43872,S,3.95009390986354,92.2621659575001
585,43790,H,6.09283592564469,110.198319686556
586,43511,S,2.65674042283186,110.401151279768
587,44180,H,3.80638302063102,114.300783969449
588,43698,S,2.73991156368676,89.9795857569779
589,43713,S,2.85893783468687,95.8166817804298
590,44032,H,5.49813257654407,114.045839843373
591,43571,H,4.43646740136556,114.233077946551
592,44042,H,5.26920591695343,112.281048746662
593,43830,H,5.25414105376471,112.893008825182
594,43935,H,3.75422590781079,99.1597963833993
595,43879,H,4.21446020118982,103.778600574682
596,43987,H,4.77930736653383,122.990630863969
597,43695,H,5.77655413150642,107.620222114548
598,43705,H,4.02302353306058,101.125529313211
599,43782,H,6.24288417313939,114.392024124043
600,43754,S,3.71863433448931,101.495159606011
601,44147,H,5.11732632918138,95.3452569297306
602,44082,S,3.16893995693014,99.8362076070334
603,43781,S,1.35075084995259,100.525636603283
604,43912,S,2.54927051207866,105.775762755032
605,43681,S,4.49743859557476,92.6592725114656
606,43898,S,1.24655959201362,98.1215434403034
607,43931,S,2.65210304228997,102.459483836571
608,44024,H,5.82805935352124,102.855133021683
609,43743,S,3.54028540332903,103.882433970535
610,43801,H,6.13184831442186,108.844654292506
611,44069,H,5.38648128222209,109.767432604179
612,43625,S,1.1947946366565,114.090141220857
613,43512,H,4.65468632061255,107.511130410056
614,43810,S,4.05059175580014,104.669895155952
615,43788,H,3.09809313073541,118.000850033793
616,43836,H,5.09973978400868,100.22907909651
617,43598,H,4.1886885879752,107.891072936415
618,43911,S,4.15873323763762,106.488127470469
619,44127,S,2.75302246612241,108.550906180547
620,43552,H,4.03908225950646,113.611644132961
621,43611,S,3.30952075349771,96.8077908155086
622,43769,H,4.45885444269877,108.547013981816
623,44029,S,2.24647600541321,94.4476662086677
624,43845,S,4.87294990926993,105.702925824048
625,44011,S,2.34987986222827,94.6544648292268
626,44135,S,3.60466682127629,86.8749028787006
627,44189,H,5.03148816448049,118.999706954879
628,43668,S,2.31289414497344,99.6508520239185
629,43497,S,1.93844539153464,116.9218712745
630,44059,S,2.51658186278383,117.193862648996
631,43952,H,4.62214815696975,97.1395057308345
632,44185,H,5.07357205923898,102.395524245777
633,43941,H,5.6329688910736,108.584039031296
634,43763,H,3.83056161543612,108.237627433042
635,43987,H,4.11419851802503,104.159311726797
636,43956,H,3.12286667761591,98.8613725437987
637,43469,S,3.29872914752112,90.4530341384981
638,43640,S,1.06847870911536,110.092243894552
639,44028,H,5.70033114211151,112.599687187508
640,43954,S,4.26027183910258,101.966149461189
641,43537,S,4.06425440249675,91.9945835242346
642,44027,S,3.92931372568127,84.8619601358676
643,43928,S,3.06368002356419,99.3241559223952
644,43845,H,4.73022854779534,105.853021172626
645,44076,S,1.64131853498716,100.443154684411
646,43934,S,2.99179533608309,100.357204179854
647,43810,H,7.52410904607654,101.136242492977
648,43655,H,4.72002017013702,117.154657403747
649,44109,S,3.56104464359788,100.423334092358
650,43687,H,5.21160162417043,108.933327399211
651,43855,S,3.74554596104781,106.082725876455
652,44187,H,5.87807730921541,107.880593376011
653,43675,S,3.19428767252118,111.498958796205
654,43496,H,5.45675804491532,108.117797872581
655,43542,S,2.08866033152142,89.2236757753808
656,43951,H,5.68688102743301,113.500326557927
657,43717,H,5.19266271284691,116.49512941095
658,43635,S,4.55644937698079,119.790502632765
659,43783,S,3.62527100376835,96.4993555636222
660,44167,S,3.44268427666366,98.4110904624173
661,44138,H,5.99557803452061,115.27145217695
662,44007,H,5.94109329153593,110.856878491085
663,43778,H,4.01081555088348,114.709960827292
664,44025,H,5.06111297826806,100.294606365024
665,43963,H,4.45205575682433,114.606359683664
666,43471,S,4.05988628057703,96.9095725829657
667,44162,S,5.29285818577886,92.3231129688746
668,43883,H,3.88912449660876,105.857251247188
669,43825,S,2.6089042533401,100.883158691594
670,43808,S,3.19933163017615,94.8146337601444
671,43839,H,6.00237021990983,98.6712483646216
672,44026,H,5.34581271341592,104.362382717457
673,43613,S,4.95651757765677,88.2589787053939
674,44099,S,3.17596393693488,91.9903838723961
675,43685,H,5.9883197599832,110.735756746879
676,43914,S,2.81717408737505,114.088992316391
677,43600,H,5.29821085901786,100.306562739703
678,43493,S,2.23141968559185,105.039583837257
679,44057,H,4.26718689576484,115.858340733769
680,43665,H,4.1221266441826,115.315895523019
681,43775,H,4.31968912059328,107.015865748927
682,43543,S,3.35173114473616,99.5637016786212
683,44046,H,5.65329426214953,112.393554750421
684,43518,H,4.01566954675502,91.3007588251751
685,43498,S,2.38007375442466,94.8893255997516
686,43818,H,3.70856465727318,115.386894371293
687,43985,H,5.83295218536457,114.214277432968
688,44133,H,3.962927811079,108.18207205327
689,43754,S,3.2281159530554,80.8259946559681
690,43706,H,4.80226128300112,99.0706894580218
691,44024,H,5.85612363097402,95.9358559284335
692,43576,H,7.19136804081454,105.11144374747
693,44035,H,4.35719178668843,114.597859435664
694,43845,H,5.28525170082008,98.8932859805806
695,43681,S,3.00979186467765,92.6656382610533
696,43836,S,4.08943772191383,100.370162407065
697,43895,H,5.47918604085054,107.792675364072
698,43677,H,4.57366190263606,113.30977406135
699,43714,H,6.08461906607904,109.767847422486
700,43753,H,6.66843733803735,107.775782578245
701,44046,S,4.03648912112477,108.690200434258
702,43866,H,3.20237472855798,98.7411130211989
703,43579,S,3.84810098665168,100.297262222947
704,44041,H,5.425419555307,116.328806695662
705,43594,H,5.50623303494935,117.007166483702
706,43973,H,5.07256811672645,121.162145509826
707,44102,H,4.79102997784454,114.868983864382
708,44181,H,4.51088597510055,89.4278206227621
709,43602,H,4.57525398156294,108.24979601783
710,44143,S,4.10111281704025,91.7191132029091
711,43666,H,4.1234313309721,112.563381453605
712,43819,S,2.07495285738531,102.811187423936
713,43884,S,2.35491169392466,88.0319278187
714,44032,H,5.40877668838857,128.307723807609
715,43641,H,6.23898176650462,109.044887601074
716,43942,S,4.27735632687503,90.8852110375853
717,44123,H,4.23596914682539,102.198845152004
718,43894,S,3.15928066698173,84.2555713584924
719,43551,S,2.42748354283675,109.829601175882
720,43524,H,7.1811228380451,115.776416569093
721,44063,S,2.39544785642019,104.412725747892
722,43730,S,1.33423941023927,87.5976846873211
723,44063,S,2.56514963206255,81.5007051447471
724,43840,S,2.81819613944579,98.6423435880616
725,43954,H,3.86719330109316,111.905485509141
726,43663,S,2.83350817918504,116.260196495293
727,43566,S,4.36381615199854,106.007122888149
728,43930,H,4.75656098025992,109.546072937854
729,43959,S,3.33393819113202,109.614516903097
730,43694,H,4.3996507948448,119.900636575374
731,44095,H,7.01135473742562,121.477381560515
732,44072,H,4.5928975292009,112.855283099076
733,43559,S,2.48931951284907,102.947096211144
734,43935,S,2.56172704542379,103.631834657228
735,43494,H,4.05151550055179,107.732623177163
736,43523,S,3.98125517619625,96.0663316372979
737,43533,H,3.50784891378842,118.863111307014
738,43599,S,4.12405585597234,97.8513676513699
739,43619,S,1.58246754772263,112.3113355876
740,43518,H,4.25903285411271,96.5737369047729
741,44181,S,2.87904915032305,101.505324062983
742,44179,H,6.84225465914205,107.802395792856
743,43466,H,3.3823071318599,104.386575737277
744,44018,S,2.14987047817658,101.053671032873
745,43872,H,5.84848314079029,112.086150361232
746,43887,S,2.40685154966652,85.1043967260317
747,44173,H,5.11121720223541,103.441165517125
748,44086,H,4.45056319131942,108.959742968004
749,43644,H,5.01203559311571,109.267282497364
750,43665,S,2.50273617307511,98.0843245185825
751,43526,H,3.39528766844666,113.428518713571
752,43515,S,2.7124576590166,100.464555221445
753,43975,S,2.95178326474787,112.127804771784
754,43650,S,4.55723785878072,105.393701164494
755,43592,H,6.72702604940318,109.759795769857
756,43913,H,3.29967969451439,97.9264468824663
757,43551,S,3.50330996129567,100.977219823207
758,44073,H,5.88952880836875,111.676144084368
759,43899,H,5.40907687430084,109.005814531227
760,44008,S,2.20025425246667,100.151735604611
761,44187,H,3.93779789669543,114.598168568806
762,43634,H,4.46655676981106,131.036517675924
763,43846,S,4.63885026179799,94.6290190607812
764,43810,H,5.54105812683978,120.251577227673
765,43859,S,3.75471547712979,100.610201889518
766,43842,S,3.43253637523564,99.9788835394841
767,43643,S,3.46300288217702,93.2716008817313
768,43645,S,4.25465667982908,92.0860581842282
769,43782,H,4.41289574456115,126.422556643466
770,43716,S,2.68612063696375,98.4854288721747
771,44013,H,5.72126393138879,108.133204386466
772,44115,H,3.40959217081385,94.4513962366504
773,43487,S,1.3650252775793,114.260956640339
774,43601,H,5.60355443878078,107.049856418651
775,43901,S,2.72454623567091,89.1989927127501
776,43623,H,3.68400281427412,97.2388059055351
777,43959,H,4.75394937238572,111.510795714636
778,43689,S,2.99848718884064,95.5652938346354
779,44088,H,3.75607456474407,101.119287528547
780,43909,H,4.92729125379737,119.415768392033
781,43772,S,4.01167112764924,87.3461603018777
782,43599,S,3.71460760679835,99.4271505869324
783,43493,S,3.25873923338668,94.0888670986739
784,43510,S,2.32965709215375,112.419010779938
785,43778,H,4.9656980499131,103.770135378263
786,43636,H,6.46601687311884,109.905663034445
787,43656,H,4.87589701623334,113.182187337806
788,43603,H,6.69780235105123,114.774715711213
789,43912,H,5.7567191491212,108.402404996075
790,43613,H,5.99513056675427,101.083616364993
791,43747,S,1.9409684359646,98.2094696973762
792,44010,H,5.3801684596951,119.592000672116
793,43836,H,6.97709822696144,109.128123160669
794,44066,S,2.92689611525303,112.575190122662
795,44057,S,2.29227700263668,91.5251444903366
796,43614,H,3.33435272639912,125.076483381234
797,43536,S,2.99798574983777,113.880851495648
798,43644,H,3.95405473756402,110.518768785974
799,43679,H,4.84708874505558,110.599733758847
800,43782,H,4.76548742023432,110.713805427936
801,43984,S,4.54035254069468,109.526697837562
802,44011,H,5.85202840849367,102.95761944005
803,43862,S,2.89447852301783,109.216508225655
804,44078,S,0.784886807357674,99.5734087823842
805,44007,S,3.02695736113172,99.0519287219144
806,43521,H,3.91329989461678,122.13734649143
807,43720,S,2.25026171255669,109.97757309336
808,43742,S,3.64265063119317,95.0712710895897
809,43615,S,3.40322019346658,95.8725039976029
810,43760,S,2.90818548414591,95.5503625121217
811,44173,S,4.41206079489628,108.604762263836
812,43893,H,6.21652730593608,109.567608365007
813,43732,S,2.89934389262722,107.015112846242
814,43790,S,3.01003882584209,101.581088215309
815,43954,H,7.23847788523575,100.153582632748
816,43505,H,4.03898964384009,116.126550677717
817,43878,S,5.23742078417103,94.9480999080017
818,43509,H,4.51965186609768,108.745855044002
819,43919,S,5.01880988488573,108.671676015047
820,43643,S,4.26914527962688,104.030348923584
821,43796,S,3.15417376436119,112.224208753043
822,43734,S,0.935468518423825,118.102500627629
823,44079,H,4.00338042568442,103.232276758138
824,43562,S,1.10863130051353,98.3122469768194
825,44124,S,4.64059403772883,93.3812273964911
826,43770,H,5.64027810643882,111.245597522289
827,44073,H,5.57806886003916,122.050077730294
828,43575,S,3.03784917122908,99.125273350732
829,43631,H,5.12662816757076,114.883730764318
830,43769,H,4.66835597737158,111.232677194055
831,43643,S,4.19773508559472,111.673083537792
832,43812,S,3.4359920677334,90.4256389144535
833,43537,H,5.35528766595407,108.076058976855
834,43838,S,2.2194151079131,89.8153737727662
835,43633,S,2.05077502823014,111.495301948631
836,44175,H,4.2339741746765,99.6395576299749
837,43691,S,0.969078163746541,92.9538148781354
838,43808,H,5.09677415513224,110.372863306052
839,43637,H,6.49158834529175,114.11937751816
840,43862,S,2.70431167317056,96.5785467033012
841,43967,S,2.1649276361682,105.427630660154
842,43979,S,0.780382842424191,108.679345615948
843,44175,S,2.38854452212641,100.52572362098
844,44088,S,2.5957138571184,104.306587705566
845,44158,H,4.35813473222806,111.092056145185
846,44186,H,5.49898574083753,95.925615657765
847,43970,S,3.91495604522303,110.367717078584
848,43570,S,5.1783677386822,95.5377643737744
849,43773,H,5.31590805365974,106.609312606005
850,43661,S,2.28478509602445,89.9037709332252
851,43745,S,4.31332306440544,98.2650396506564
852,43797,S,3.18663799877068,91.7943598038071
853,43813,S,3.85524213054979,85.7440409373402
854,44075,S,3.25162901585238,95.4622175583098
855,43536,H,4.86666581715155,111.051558622459
856,43786,H,6.90251868586987,105.415735553468
857,44056,H,5.96654993526787,105.300797742234
858,43932,H,2.57099886236443,94.0541831544108
859,43479,S,4.18762569615001,90.5291051205819
860,43843,H,5.75127680518256,105.868254630341
861,43697,H,5.13419651252822,91.7877912079298
862,44039,S,3.66393491397691,107.002609659565
863,43821,H,5.17880206232665,108.141532216163
864,43598,H,6.14427119224338,100.437404976433
865,43532,S,1.33846483668857,93.8135739268852
866,43628,H,5.17734710310915,105.719216023541
867,43583,H,3.73747436239561,118.675671537454
868,43646,S,3.61260307093785,89.1449059196178
869,43727,H,4.74246482491343,111.359993262321
870,43809,S,4.03486820304323,92.7221028031109
871,43630,S,3.3132236243103,105.262461408236
872,43711,S,3.02062288787264,90.7298756988408
873,44073,S,3.84849574436408,100.331656118903
874,44011,H,4.87318230601049,101.10436061773
875,44060,S,3.15225821055836,94.0357380311592
876,43645,S,2.03208025807627,94.6176247303817
877,43590,S,2.68274247974342,90.6706430452469
878,43658,H,5.53768552989861,90.9233622768373
879,43853,H,4.86325386333084,114.235521200605
880,43665,H,4.42202290919308,126.034330604256
881,44146,S,3.6071859655076,91.9153506741153
882,43647,H,3.45744043707156,101.684609999028
883,43692,S,3.70230578810129,122.47919873767
884,44097,S,2.88407292320745,119.381353339998
885,43965,S,3.91252634187529,106.895817119414
886,43573,S,1.9096237184482,110.476141351947
887,43492,S,2.60393582899042,95.1432473967113
888,43854,S,3.06211539523599,94.3085540240898
889,44184,H,5.22096543014599,109.39243093391
890,44180,H,5.39875685134176,111.539282105758
891,43487,H,4.60619694347949,123.09013629997
892,44119,S,4.00603377231742,104.017463786514
893,43730,S,3.85991810798916,89.9983599049278
894,44119,H,3.44985169556089,112.053034855807
895,43583,H,6.47031292687265,101.010936561616
896,43794,H,5.55443911704364,96.2620450837179
897,43725,H,4.640075482063,111.551473991587
898,43997,H,4.90354782160136,107.94560502875
899,44185,H,6.47582191779018,111.436677394588
900,43793,S,3.0807087150219,108.174443580954
901,43623,S,2.40776462251406,114.949134612121
902,43991,H,5.38755456869185,95.9816584261529
903,43586,S,3.44745110403408,108.511505941868
904,44137,H,4.06730140191058,113.541449902503
905,44183,S,4.68898352419213,97.5057718777868
906,43981,S,1.62245674766748,106.190223983609
907,43842,S,4.25780620115095,96.660236984235
908,43466,S,3.54160047130245,116.273920152415
909,43579,S,3.27330920662663,100.175242320734
910,43587,H,4.26531031380838,104.752295697903
911,44066,S,3.33080007779419,82.1840182942005
912,43650,H,4.41033510860721,113.076012607029
913,43995,H,5.54805164986531,118.655722692166
914,44143,S,3.44244503567508,95.5135813663159
915,43559,H,5.66580246551253,110.730118859354
916,44158,S,2.48731806097438,110.152569993565
917,43953,S,3.57456409164283,108.659498517796
918,43897,S,2.50431138696328,108.313391469069
919,44055,H,6.20021830726832,95.1513712167509
920,43839,S,4.33769750673543,118.867848612982
921,43704,H,5.43622648756729,104.902260676941
922,43544,H,5.80182514575603,121.98250031948
923,43695,H,4.75578579575956,91.7581626787164
924,43563,S,2.18491622312637,104.398735233591
925,43764,S,3.03013941874512,82.8619688671006
926,43973,H,6.37380393759771,103.791601262514
927,43734,H,5.69935082444925,115.983051321043
928,43970,H,3.85342610073473,114.552592883963
929,44192,S,4.15994914480454,110.7894748241
930,44044,H,5.73021937525994,100.65959638269
931,43762,S,3.88282652951522,87.5734129077931
932,43980,S,1.74780258142607,106.402497558061
933,44030,S,3.04939095923472,95.2412919530338
934,43732,S,0.971203909536093,105.506117638379
935,43694,S,2.59589332076322,94.7680471253485
936,43538,H,3.15060679101084,119.161229536659
937,43719,H,5.70192309295194,100.720537645533
938,43996,H,4.94557340067327,110.674101757126
939,43614,H,4.54792537888659,101.329081271598
940,43733,H,2.63350981568395,117.495938862126
941,44033,H,6.90848782750185,92.3988481647485
942,43780,S,2.97067661780774,90.7352508763671
943,43939,S,3.01617960732099,98.2462477905658
944,43899,H,4.85215594518103,122.9168513162
945,44057,H,4.3088945578051,113.615631637013
946,44027,S,4.20479764912443,97.7907889140045
947,44047,H,6.70872707315614,113.197473090844
948,43945,H,3.4312706971784,108.137225696665
949,44061,S,2.95875982869583,112.050611217215
950,43756,S,3.78325468382298,109.471803109686
951,43882,S,1.41157468229871,94.0513339872517
952,44051,S,3.8887469600055,90.9397189518949
953,43847,H,5.54220626483551,119.106268004829
954,43973,H,6.15125496053795,112.866712509145
955,43600,H,7.33085111051568,96.1283061160901
956,43659,S,4.10855649888089,79.8799218066647
957,43855,S,2.84702414301737,85.5439781057406
958,43640,S,1.16654843473402,99.5271442856043
959,44172,H,5.14298970116171,124.603327629082
960,44011,H,4.67499594328487,100.353696894485
961,44077,H,3.30195843249405,108.446863217403
962,43501,S,4.14423955242903,96.6125725392551
963,43758,H,5.33754347395667,120.20442910905
964,43907,S,2.02631106167473,107.352619231004
965,44192,S,3.34887838645041,102.356418217297
966,43970,S,3.60814772099793,99.1447479064632
967,43788,H,5.57233753781561,107.264290553692
968,43581,H,3.63107563450152,107.84252331022
969,43560,H,3.291611972668,87.4098964838383
970,43556,H,3.61372857023031,92.6648664433678
971,43517,H,4.45568235801483,101.71406998477
972,44022,H,4.81445979113135,120.165159109019
973,44040,S,4.41526190108033,104.219068273196
974,43950,H,4.29757882954195,110.062768756751
975,43805,H,5.42750391311569,111.649280361402
976,43947,S,4.76922106766745,109.712069515804
977,44113,S,6.08618384587931,80.1667166096687
978,44011,S,2.40564364980101,114.989174768166
979,43778,H,5.77205805517527,111.405028117453
980,43734,S,0.796479004094941,96.0845722951315
981,43890,S,3.61950962177089,104.782227087614
982,44176,S,4.46530580392089,94.4850079798592
983,43919,S,1.30266150929886,105.518392788499
984,43659,H,5.13662693261451,103.791565805079
985,44139,S,1.1253512795097,102.483711303029
986,43643,H,4.66896144249306,119.403418085696
987,43888,H,4.94496634251068,108.842507190914
988,44130,H,5.49100458018025,108.55462601406
989,43736,S,3.84325628532319,98.7827901838893
990,43938,S,1.89458142167762,109.365669079789
991,43881,S,3.04618076067729,80.9357900710167
992,43960,S,1.95191015991715,89.8372824592677
993,43895,S,1.3754655925159,99.8617097329593
994,43703,H,4.5192209849307,104.630477726041
995,44167,H,3.90665059769828,122.177963141517
996,44163,H,4.83964562115377,105.780876788946
997,44100,H,5.52230524233565,123.535395012964
998,44073,S,3.27691577128995,106.923910830002
999,43792,S,2.46753227450967,104.674669639895
1000,43631,S,3.94678369193136,104.824659365759
1001,43737,S,1.86994929493571,103.713711404487
1002,43799,H,5.37038084554709,110.716445914809
1003,44087,H,3.76906901781212,110.110186196045
1004,43964,S,3.25577963995984,99.8265675506837
1005,43835,H,5.77086187609755,112.789000090888
1006,44012,H,3.79775258300666,98.0986779446726
1007,43559,H,5.20310594210946,98.6533139864476
1008,44097,S,2.96480841853898,96.6959584344828
1009,43489,S,3.66508497917097,83.3475558413191
1010,43592,S,2.57834424693326,94.0058207271356
1011,43899,H,5.45378700238453,118.867073779748
1012,43635,H,4.05044951705006,96.4521356883854
1013,43591,H,5.47264394122974,103.911799364351
1014,43966,S,2.88997799571974,97.2767306303526
1015,43799,S,1.59229958735341,90.6769190182675
1016,43724,S,4.18197235311322,97.9197389833472
1017,43595,S,1.91423994511801,110.717547167527
1018,44078,H,6.64722179579028,131.493656147237
1019,43647,S,3.30783794756072,99.3302396830942
1020,43704,H,5.12475532957116,107.013508280577
1021,43950,H,4.74055658146095,105.874852453321
1022,43576,S,3.04101429540446,111.214078672459
1023,43726,H,4.00609477237137,124.571637910179
1024,43702,S,2.3888047249171,116.022153980497
1025,43570,H,5.15520086845333,118.169697211779
1026,43908,S,4.42821454773145,95.910876441164
1027,43950,S,2.10788826780403,97.7011209331546
1028,43573,H,5.48488361460199,134.345843358175
1029,44103,S,4.63935713407267,95.9198525352975
1030,43937,S,3.90013580698379,105.271827880217
1031,44113,H,6.93918346356234,108.852564122495
1032,43698,H,5.72889597537813,95.3731445320595
1033,43795,H,6.00818500050811,119.584152756229
1034,43915,S,2.26296238217419,103.398094341992
1035,43994,H,4.72810535741603,119.237598690561
1036,44124,S,2.25035282231249,98.5341240044079
1037,43960,S,2.27716017451674,107.960603152456
1038,43483,S,1.39261292887396,89.6047359421897
1039,43970,S,2.48058955508788,86.7925171392572
1040,43589,S,2.1762914238058,94.1826227344563
1041,43809,H,4.22385911995048,106.818256533742
1042,43850,H,2.7161665564752,107.356520333147
1043,43844,H,5.91096054246531,117.937677378662
1044,43682,S,2.09749019602797,107.135352651144
1045,43718,S,2.79886018491679,96.8454699110411
1046,43626,H,4.96968582732059,124.400099919659
1047,44048,H,5.23952688352945,119.61132387753
1048,43775,S,2.36736807533467,88.6012084412073
1049,43605,H,3.73271915703907,109.048931940532
1050,43596,S,3.27020523993768,108.410594821866
1051,43952,S,2.77608081281295,100.570744873303
1052,44009,S,2.05103311049996,106.060749452946
1053,43730,H,6.29410149373125,111.542375420823
1054,43704,S,2.7448593835256,95.7520369512707
1055,44144,S,2.67232517629703,90.9587935103756
1056,43879,H,5.03760271752105,111.762962749369
1057,44135,S,2.95577839782627,109.893654696334
1058,44071,S,3.00216826852242,109.208232339872
1059,43708,S,5.1340775870701,117.000628700612
1060,44021,H,5.07976443610058,109.585047426171
1061,43587,H,6.42495294326124,105.187335699949
1062,43505,S,4.4930993957391,102.477823816785
1063,43926,H,4.37518807781201,110.139562351048
1064,44120,H,5.2252407399535,129.770431492917
1065,43667,H,5.85275371387001,114.258637164257
1066,43583,S,2.59303980383057,93.4550379255296
1067,43947,S,3.8896368509893,87.386081132657
1068,43975,H,5.60079160222114,126.064630031795
1069,44084,S,3.78024202636742,112.508055762943
1070,43827,S,3.93361871892839,93.9079713151909
1071,43505,S,2.24902077618999,101.944080138475
1072,44085,S,2.67361627019283,97.3869429406729
1073,43789,S,2.29295828576781,78.3342695869227
1074,43759,S,2.54855986370415,102.648668902199
1075,43528,S,2.74101551867647,102.159326204967
1076,44078,H,3.79117964217322,86.7402297211247
1077,43758,S,2.88446771641083,93.4664100010395
1078,44128,S,2.14086792462556,80.1168757100164
1079,43575,H,6.52917471600875,130.219025855848
1080,44158,S,3.37759146581649,94.4644671778933
1081,44107,H,4.49790173435611,92.7451969909023
1082,43517,H,6.00212404504156,104.06746887983
1083,43551,H,4.81410634212962,110.650985935398
1084,43831,H,5.40220289100496,111.513682020853
1085,43662,H,4.6682928718423,120.7881152981
1086,44119,S,1.97816865509955,90.2737122213042
1087,44096,H,4.91744054346908,106.97141441124
1088,44194,S,3.04346732683474,93.8747882058668
1089,43778,S,2.99936114952284,103.83607967477
1090,43731,H,4.57637372313439,119.179138545014
1091,43478,H,4.88953219424889,96.8396271544796
1092,43545,S,2.86315853587418,101.740045966409
1093,43989,H,4.15839677646871,100.940360338659
1094,43622,H,4.2925445385766,117.316048270374
1095,43999,S,3.41682757365934,94.2241985923732
1096,44131,S,3.25659782189938,93.0465202534354
1097,44120,H,5.65767157649757,109.556920850305
1098,43653,S,4.17734028481022,103.945213587236
1099,43642,H,4.41891814229324,116.105090261058
1100,44156,H,5.48475909313375,109.079063762799
1101,43467,S,3.11959632541902,104.409833747751
1102,43779,H,5.2732150249372,116.654526238714
1103,43885,H,3.39481665518152,117.225146501662
1104,44034,H,4.54569809064943,105.223294045616
1105,44074,H,3.76596058269964,108.035334252619
1106,44149,H,4.09373423223313,109.542620503001
1107,43982,S,2.34408484329989,109.616061547531
1108,43708,S,2.56940408339932,101.416163593711
1109,43791,H,4.78947035834746,114.58031944791
1110,43609,H,3.73562165898846,106.671013164049
1111,43979,S,2.94385286796584,87.6642367557322
1112,44082,H,3.67738316231014,128.906830717922
1113,44186,S,2.90332641998424,113.238667860294
1114,43755,H,6.00366901856657,106.345962815291
1115,43523,S,4.05901261649801,104.625377095974
1116,43487,H,4.23014366175646,101.7236565786
1117,43518,H,6.38415776351921,111.479077240248
1118,43799,H,5.26453558518626,105.703746124417
1119,44117,H,5.46207501991578,121.87401032127
1120,44191,H,6.29293413154244,125.493945725115
1121,43597,S,4.18940958967024,103.14060340586
1122,43482,S,2.00089573284008,101.807703055734
1123,44089,S,3.13475689706496,102.304085907973
1124,43870,H,6.04454254600435,124.325141511798
1125,43734,H,4.4621720849342,95.9022621815121
1126,43679,H,6.24375342406525,92.6163929129864
1127,43731,H,7.01733989213509,117.821428278682
1128,43990,H,4.23539932223581,111.154337344762
1129,43991,S,1.8094895820737,106.876267257507
1130,44123,S,1.64500766670815,114.39721545717
1131,43539,H,4.47393069524451,105.729627982561
1132,43987,H,5.40618621572585,121.825545642011
1133,44188,H,6.20982289218086,133.172392801601
1134,43478,S,3.30974444174683,89.3516684358258
1135,43920,H,5.84140770811907,105.890600437437
1136,43898,H,5.51886139342877,103.459590549803
1137,43847,H,4.58185072752275,120.683656512703
1138,43952,H,4.80912443783707,108.68289219038
1139,43634,S,2.53247920951651,94.6735767784645
1140,44138,H,6.7474747537423,108.455816838208
1141,44131,H,4.54434546693417,119.33666058724
1142,44013,S,3.27326391700935,112.812872133682
1143,43723,H,5.85028459736858,104.614009271212
1144,43550,S,2.12009796270838,99.145633735237
1145,43782,S,2.54460524415037,105.918514034997
1146,43549,S,4.36624585899738,96.7024383265845
1147,43744,H,4.47829254012331,115.024160731428
1148,43752,S,5.23072362288429,115.971443667174
1149,43670,H,5.00508379135419,105.167279222052
1150,44136,H,5.66459038734484,121.197721732098
1151,43565,S,2.16915739729423,108.311365908339
1152,43967,S,2.36940703747985,87.5936034420056
1153,44126,H,5.19535724051037,115.897187149763
1154,43862,S,2.21674260436772,94.2414710772968
1155,43533,H,4.75675605883945,109.553363782616
1156,44059,H,4.02908019209921,116.763420061987
1157,44068,S,3.99822068415429,107.035856120317
1158,44129,H,4.70392532239034,105.587222610413
1159,43562,H,4.32236603528258,120.451869389568
1160,44144,S,5.23610732853388,102.079260507318
1161,43889,S,2.67464473686292,107.873027299118
1162,44186,H,4.79447262474154,102.633741113807
1163,44152,H,5.6534305492132,102.349894491978
1164,43916,H,3.75276515582597,114.157919795021
1165,44093,S,3.75895335356736,117.343614878979
1166,43934,H,4.78066022769116,109.008922821072
1167,43566,S,3.19481477934092,94.884770685825
1168,44089,S,4.68418673248434,102.144893543261
1169,43932,H,5.81574374033104,97.5244343042727
1170,43790,S,2.91072822872378,106.31873405686
1171,43825,S,1.94598220715372,95.0929343071969
1172,43659,S,2.3603323279119,104.137388557258
1173,44032,S,2.8688671231105,100.680230228741
1174,43561,S,3.66649845567091,101.539476073947
1175,43931,H,6.67240902255826,113.105204805263
1176,43702,H,5.92484530986161,114.047832066609
1177,43528,S,3.09810848953221,95.4997441945901
1178,43807,H,3.25978414745005,121.752473335122
1179,43710,S,2.40948626494812,111.913947661487
1180,43951,H,3.07221438461653,114.221524695755
1181,43484,S,4.44736347585168,104.415638441002
1182,43599,H,3.79034392425164,113.234991158143
1183,43720,S,3.64655791037535,99.3989947383877
1184,44105,S,2.76914279274203,98.355115527463
1185,44035,S,3.50961649122989,110.826283075577
1186,43866,H,3.89695060983161,115.044873991458
1187,43800,H,5.53310025745227,115.537660629245
1188,44124,H,5.4063862000778,106.577152538956
1189,43658,H,4.13142882840801,137.32047899515
1190,43703,H,5.08596540478893,103.882303769403
1191,43773,H,4.96669008170502,85.3950047935104
1192,43991,H,6.18776125821144,110.732903098785
1193,43910,H,4.67352555811275,121.465726540099
1194,44067,H,5.2864891502553,127.311016493822
1195,43754,S,4.12264856109564,89.737078922028
1196,43579,S,4.92894328891666,106.035984848164
1197,43987,S,2.36865405750769,97.8501309782181
1198,43927,H,6.17680275189114,122.317033352792
1199,44141,S,4.16410116660159,86.1212964106548
1200,44125,S,1.31961845044869,100.032701941494
1201,43891,H,4.62646179477343,110.339035912333
1202,43539,S,3.77458286681309,93.9696701524419
1203,44190,S,2.44112564266265,91.963671692769
1204,43897,H,4.66724100995982,100.628708470439
1205,43809,S,2.14948494014262,108.73327800639
1206,43993,H,4.81948550412331,106.882190420635
1207,43984,S,2.42155440476092,119.58471420236
1208,43838,S,4.12397879729223,93.2060176445782
1209,43728,S,3.47350996701165,91.0822624419405
1210,43532,S,3.43233310914172,109.308772845426
1211,44061,H,5.36868983999611,110.315908539833
1212,43811,S,3.86353350397867,99.4742210156436
1213,43633,H,3.29712531230987,103.270114949551
1214,43491,S,3.28933388895916,104.965090859798
1215,43822,S,4.16783178675641,87.4546341501935
1216,43896,S,2.22078045781148,89.7295428475989
1217,44036,H,3.93577519581716,114.020441862318
1218,43499,H,4.09225425535017,125.534701935125
1219,43815,H,4.63703769872432,100.309068339778
1220,43507,S,2.13147554417299,100.005246662119
1221,43869,S,3.35791605610303,109.193571094559
1222,43626,H,4.92387779654386,110.416316780317
1223,44190,H,5.32571158127043,118.428871719216
1224,44026,S,4.6348941541841,92.3822895592567
1225,43883,S,2.67981637049194,108.641182454016
1226,43878,H,5.98885187227191,119.756957053783
1227,43914,S,2.67744963034206,90.1889369985355
1228,43544,H,5.06398705584661,104.677315303732
1229,43877,S,4.50424820905554,92.7887972594065
1230,43744,H,5.89186287572157,113.769861894339
1231,44178,H,5.28543705243303,126.006784030201
1232,44054,S,2.02873610032405,73.4946472528482
1233,43821,H,5.90548853090975,107.021701511136
1234,43750,S,4.22880845348529,111.587183154648
1235,43749,H,6.40658150145161,104.458228224187
1236,43805,S,3.61566221780359,99.5505027421971
1237,43810,H,4.61478008355088,110.563496869867
1238,44110,H,4.38923629903521,111.003251060789
1239,43867,S,2.11959056751035,113.291006566608
1240,43594,H,3.28492071338043,117.735766368373
1241,44045,S,2.64538968385965,109.227331234788
1242,44079,H,4.98610330303585,101.663654966247
1243,43484,H,4.99453581388638,123.760546628854
1244,43959,H,3.46125007421503,99.9264321460529
1245,43471,S,4.81712449386856,98.4186745779906
1246,43606,H,4.99530898146737,102.785416089857
1247,43916,S,1.63553843969482,107.205540617894
1248,43586,S,3.75066222048119,89.1406103409202
1249,43532,S,3.04671048095464,96.0932603471421
1250,43790,S,3.18712960715423,93.079142535063
1251,43924,H,3.84779426150568,108.108870891146
1252,43885,H,5.81300336728267,107.834789424332
1253,44148,H,5.49610386024892,113.405707664577
1254,44058,H,4.59026182191979,111.41899928347
1255,43591,S,1.55208489610355,93.9549137014201
1256,43526,H,4.72445611418983,96.5169134281181
1257,43783,S,1.45471040752284,105.720175497579
1258,44194,S,3.32192616788637,116.941305593758
1259,44186,S,3.87193127006771,105.993740108592
1260,43787,H,4.61914693520409,105.541054431967
1261,43944,S,4.70057950377605,107.928268157691
1262,44041,H,3.90988192188934,103.333088862794
1263,43743,S,3.10698197150354,94.9906439283508
1264,43894,S,4.26897981342261,97.8527174541203
1265,43899,S,3.47348822231845,104.515033258973
1266,43793,H,4.53072357115197,107.164080653834
1267,44162,H,4.89123096401075,97.2796455547772
1268,43766,S,0.722380805260944,95.3779617449956
1269,44168,H,5.03434170158426,103.363226507369
1270,44053,H,5.13315592241139,110.631091411672
1271,43626,H,4.59557873741615,102.137550653123
1272,43614,H,3.03707114643569,109.469984161412
1273,43584,S,2.91140426694276,93.5714251003088
1274,44018,H,3.01837747774254,111.673602800403
1275,44031,H,4.35087598023678,110.049006973409
1276,44181,H,4.31671055836498,110.096279072312
1277,43819,H,6.10076468982212,116.499078840013
1278,43741,H,5.5990115532919,103.204052097124
1279,43485,H,3.47338909424154,105.520222822122
1280,43775,S,2.14804737496644,97.9556548073957
1281,43679,S,2.03784945398557,87.9923405825761
1282,43862,S,2.60273134827473,103.521952684549
1283,44154,H,7.32143670540043,111.694229253421
1284,43766,S,4.3641891822536,92.6177856084465
1285,43917,S,-0.138557029894022,102.36215550108
1286,43870,H,3.04205176887896,111.311413671574
1287,43536,S,5.29458968906978,90.8036943881363
1288,43626,H,5.26537875977383,106.677569876505
1289,43487,S,3.50733238668812,107.41198695352
1290,43926,H,4.82361132118448,109.109687981087
1291,43711,H,6.44381267133847,99.7736471665565
1292,43664,S,2.92401960809752,109.749209360685
1293,43604,S,3.13384890312808,91.1100645230549
1294,43926,S,3.58923126345379,111.314391784159
1295,43830,S,2.14783502691899,98.5991903200896
1296,43607,S,3.28221117841845,102.014741990255
1297,44026,S,2.54247359830206,101.76912136081
1298,43534,S,4.31511041890339,88.4661342931468
1299,43810,S,3.72761078001161,103.128084523221
1300,43806,H,5.10508220289627,107.034805779675
1301,43652,H,6.17509065668036,114.816790823494
1302,44154,H,5.60887184115384,107.076378264199
1303,43888,S,2.85785210685974,101.295978901357
1304,43486,S,1.95448505114509,108.513174921058
1305,44168,H,5.30420220982215,102.929801600353
1306,44167,S,1.78331802341584,97.3748086548214
1307,43804,S,2.67971658943193,97.4804208961769
1308,43854,S,3.80168878579232,89.3799837101432
1309,43912,S,3.13171799608421,105.731493059216
1310,43787,S,3.47953065698357,110.522353903983
1311,43642,H,4.4585997719237,110.760628390818
1312,43965,H,5.43242056703211,110.558335215667
1313,43580,S,2.68687376642485,113.072344885083
1314,44097,S,4.6296492330609,108.477171851492
1315,43893,S,3.49771872786426,102.076148556195
1316,43562,H,6.53211808799637,120.844875518495
1317,44163,H,7.45541141631186,110.456664905556
1318,43541,S,3.07727608626253,106.633954527542
1319,44149,H,4.81484474065332,110.428213000157
1320,43531,S,2.80030973032086,90.5738182954434
1321,43487,H,3.95856878128379,105.379185408452
1322,43704,S,3.48173382371423,107.571103962652
1323,44119,H,5.64694626123198,108.785112108144
1324,43870,H,5.10640054889177,107.04019135222
1325,44040,S,5.45462569132008,95.8053057002238
1326,43840,H,3.02398253755491,93.8011832285169
1327,43721,S,2.23476330098214,114.326030090194
1328,43541,H,4.57464992406936,101.062479159179
1329,44109,S,2.04192319570193,95.9652384327264
1330,43969,H,4.59748161998683,116.101537933208
1331,43478,S,2.21670079343171,99.8038066758816
1332,44132,S,3.14556650759948,103.891813350839
1333,43812,H,3.02549878176668,112.973750520913
1334,44187,H,4.07527669689234,117.880624692031
1335,44156,S,2.93180192523043,97.8929711236148
1336,43719,H,5.566056281951,109.846512443566
1337,43935,S,2.81107733143273,106.736336325932
1338,43576,H,3.90237089875019,110.828438187491
1339,44052,H,4.76741504486856,104.866213346023
1340,43474,H,5.27835860950404,100.351679098312
1341,44095,S,1.9757122619789,103.315220095038
1342,44081,S,3.64929225152742,83.5121748935057
1343,44124,H,5.74381017682434,116.046243036295
1344,43615,H,6.44627157391603,114.870411028384
1345,43590,S,4.02784881080107,112.535681167117
1346,43799,H,3.44975466751897,103.719971794173
1347,43704,S,1.98610768369143,101.945275558856
1348,44156,H,4.09372436536626,105.011551840874
1349,43771,S,2.59274256148375,103.765028559011
1350,43904,S,1.31193484374593,88.5446458304796
1351,43982,S,3.36599063351906,103.678123505712
1352,43859,H,4.30038671853913,104.296058696175
1353,44147,S,2.3437352808546,108.346559440157
1354,43662,H,5.11927545569846,101.756564109354
1355,43890,S,2.23692252976061,106.430536147566
1356,43986,H,5.12947363670586,128.816160145106
1357,43846,H,4.38175291945115,117.261374182329
1358,43826,H,6.18141341790103,113.345136465394
1359,43966,H,3.41994020041397,116.578813082414
1360,43811,H,4.14137859504573,106.840202436251
1361,43945,H,5.74814945546292,110.845745224218
1362,43781,H,5.31723373096406,112.406525817217
1363,43519,H,4.74126469043688,106.479556439344
1364,43624,H,4.88971452746518,114.610884904463
1365,43786,S,3.1836339518089,82.8711929402441
1366,43805,S,3.02019112583822,102.916520009069
1367,43577,H,5.78860233304356,111.082570562889
1368,44179,S,3.62511608595212,108.275274567512
1369,44100,S,0.696166218579749,86.3973693367279
1370,43476,H,5.25142985148595,107.733821831211
1371,44181,S,2.33071675325229,86.1098136298409
1372,44037,S,2.1905388589537,92.1455307537688
1373,43665,S,2.91930838220399,98.9643289096716
1374,44089,S,1.14550294531663,93.1608353222944
1375,44103,H,5.33596980851456,104.439437173429
1376,44124,H,4.48175095555973,107.900465646851
1377,44074,S,4.32904975092465,102.596041569874
1378,43786,S,3.09119765967854,104.722662983692
1379,43508,H,6.78231788148373,117.591570814127
1380,44142,S,3.41401537540592,97.8827043134768
1381,43740,H,4.6989461049215,98.1427824575461
1382,43851,S,3.84183754650585,101.140142893385
1383,43603,S,3.46682321285405,104.276782612736
1384,43472,S,4.22678371746571,85.3815181302105
1385,43689,S,3.10672272192771,92.9014962887718
1386,43697,H,5.98988076202343,110.012406882904
1387,43853,H,5.11389574552561,98.2429798577389
1388,43891,S,3.10562398894318,103.044683142847
1389,43864,H,4.81489652949507,114.40659430622
1390,44090,H,2.50098182154838,94.6587073748118
1391,44042,H,5.09337852279572,112.768374985979
1392,43505,H,5.14176642162214,116.692746184951
1393,43660,H,5.67276951725281,108.155326946855
1394,43543,H,5.61835526700455,108.953149084845
1395,43908,H,6.08603172411065,118.243509066913
1396,44161,H,5.55521611735184,118.317719277443
1397,43999,H,5.91821253980379,114.010227739254
1398,43704,S,4.14999952201743,113.81834213522
1399,43611,S,3.29060509299725,96.1039984461808
1400,43757,S,2.47394893800945,111.202366952823
1401,44129,H,4.49179505229656,116.710031746871
1402,43686,H,5.20894790576716,117.604288866965
1403,44116,S,4.36603925660562,107.943167830188
1404,44022,S,1.99408053303012,86.8596837247727
1405,43975,S,1.63989213520361,100.618901405821
1406,43589,H,5.48351660489728,101.952869986678
1407,43729,H,4.91073144342614,98.1431888752739
1408,43937,S,4.72867882573421,98.9025902714939
1409,43732,S,2.64681562874712,107.951629378146
1410,44189,S,2.26823657928537,84.214919998461
1411,43513,S,1.61362711955437,90.0616863675567
1412,43564,H,4.22912123549864,100.212320280569
1413,43726,S,1.76535922482753,109.63838380576
1414,43662,S,2.60774823480902,105.51701777156
1415,43762,S,4.09604080790322,106.038589515371
1416,43542,S,5.3100803328281,104.619321245087
1417,44075,H,4.47579917668999,110.537638961726
1418,43914,H,3.41474223847962,105.464298829763
1419,43703,S,2.79276387219564,107.944683786626
1420,43724,S,4.31386930624647,116.231357266788
1421,43765,H,5.12027169705352,131.614710866466
1422,44008,H,4.83914010107238,118.154586274752
1423,43729,S,4.13223536576206,104.737776223624
1424,43805,H,6.10475026967213,110.073068497428
1425,44054,H,4.61275853426534,112.557808186238
1426,44043,H,4.86962975154357,118.156369875949
1427,43849,H,5.78840202814786,122.270212215056
1428,43700,H,5.19010574954501,103.767711073294
1429,43551,H,5.89681731216642,119.433051198331
1430,43572,H,3.82667048123003,123.585026357889
1431,43562,H,5.22795054908774,105.686525376797
1432,43696,H,3.90957025570798,111.772814410321
1433,44012,H,5.46312126249754,122.727894081496
1434,44143,H,4.66958499880892,132.343463265521
1435,43581,S,2.96024806255705,96.4336828921162
1436,43469,S,5.00511984474044,102.309683936439
1437,43542,H,6.02064787474053,105.166153564719
1438,44022,H,4.81080706384678,108.784091970974
1439,43981,H,3.706303281365,114.996465062756
1440,43920,H,3.21431295457745,109.389415052466
1441,43746,H,3.63771018541111,101.141765584124
1442,43629,H,7.99004272889668,102.286987351788
1443,43643,S,2.87783546293826,104.686954409027
1444,44003,H,3.81625610950396,110.992181020003
1445,44041,S,3.77617077945875,112.109462967403
1446,43504,S,2.39098580085931,97.4394187334615
1447,44116,S,3.81262798820182,101.727674283348
1448,43884,H,5.90436666991356,115.900875207106
1449,44065,H,4.17569662171237,106.706526073598
1450,44035,S,2.34558159728461,95.0853437758943
1451,43757,S,4.20331511181011,90.7602285375644
1452,43645,H,3.67251509040375,110.475138790651
1453,43928,S,4.50938164895897,96.4690127438396
1454,43730,S,2.95185147968475,99.1037413915545
1455,43668,S,1.02026223371531,108.01319734889
1456,43826,S,3.03592701287185,102.089435905171
1457,43633,S,4.22066472268706,90.7354340500757
1458,44061,H,5.04982249661763,110.951033417058
1459,43976,S,3.72993476433678,102.510061723375
1460,44022,S,4.33319184000074,101.09208342825
1461,43627,S,3.65233681973114,98.864136952356
1462,43683,H,2.29696323290195,105.696662179659
1463,43483,S,2.75320176876,92.4590374813161
1464,43989,S,2.71527817591596,98.0827510140199
1465,43838,H,4.92223172760004,116.793109661126
1466,43787,H,5.93411021299426,122.311378194542
1467,44022,S,2.68368465116075,85.8510096128528
1468,43989,S,3.54809837962914,90.6264601839895
1469,43659,S,1.84336777157129,102.027219073821
1470,43915,H,5.46892269993474,107.733753983235
1471,44149,S,4.13564646231751,106.165456812936
1472,43971,S,3.95124456434424,105.61215292407
1473,43497,H,5.24158836627295,111.326709990086
1474,43770,H,4.5450859758716,105.06564527241
1475,44192,S,2.85863063323003,104.535140952135
1476,43566,S,2.72451815672094,87.6370083316306
1477,43779,S,3.88526193219079,104.991125905899
1478,43720,S,2.87365217300648,88.5656758861993
1479,43760,S,2.55567355879149,100.865703703755
1480,43826,H,3.2976468909711,101.343421564955
1481,43789,S,3.12614609041949,87.8683471468808
1482,44041,H,5.0689394551532,93.1239178731524
1483,43942,S,2.46009527653882,99.9946689814485
1484,43932,H,4.37233745738807,118.632584367476
1485,43931,H,4.95831941595156,105.79927222606
1486,43579,S,2.91544928818638,109.103393599878
1487,44174,H,4.83039747108835,111.760050551583
1488,43628,H,4.7827504684434,115.616388770027
1489,43761,S,3.96968358074538,98.9385779170813
1490,43614,S,2.14901151181961,95.4365882547406
1491,43724,H,8.9025213498997,112.613440891802
1492,43824,S,3.0485666012096,107.388605710017
1493,44077,H,4.09145290521662,115.051165622621
1494,44028,S,3.72764070997857,102.663371703029
1495,44053,S,3.10161518839617,99.7455966687813
1496,44039,S,2.39367221863823,95.5665331074962
1497,43758,H,5.28524775507238,114.829718426957
1498,43752,H,5.33833957090842,109.737442399043
1499,44097,H,4.33849296224384,108.467648991517
1500,43864,S,3.13459217142275,99.2330811778441
1501,43517,H,5.40294437231265,119.790584245926
1502,43961,H,4.58362524123946,110.222161907207
1503,43678,H,5.72668430396069,103.311278294555
1504,43971,H,6.51966757861742,118.054177081639
1505,43653,S,2.11096359649374,102.561499119088
1506,43589,H,4.23095717629779,102.613790543804
1507,43528,H,4.79631161793365,101.396693944783
1508,43542,H,5.68590813277903,110.456550536773
1509,43743,H,5.08823338771509,112.205970229324
1510,44065,S,3.2749722566602,119.792291093189
1511,43857,S,1.63413995163314,111.057882999655
1512,44151,H,5.53233013643522,117.13635076172
1513,44177,H,5.46544473180412,107.789599027738
1514,43787,H,4.67333684217331,105.213368187447
1515,44034,H,6.02894603915787,109.183663188318
1516,43666,H,5.75775551741353,119.942394252545
1517,43481,S,2.36463401779143,96.6026146602235
1518,43781,S,1.37789613261357,98.2714161661297
1519,43478,S,2.81063657351414,102.231019547471
1520,44075,H,6.54433801718114,100.318981166147
1521,44136,H,5.18935550037879,97.9951542491108
1522,43817,S,3.46550720779679,104.27437187554
1523,44088,H,4.66453043120661,122.718045950044
1524,43833,H,4.16855044848394,111.217334540568
1525,43830,S,4.31112466411845,93.681207480139
1526,43840,H,4.56060885765989,111.857830128068
1527,43614,H,4.94854311242255,118.406915554396
1528,43615,H,6.42474179339977,107.232827730127
1529,43717,H,5.69201092682505,104.941319005866
1530,43871,S,4.06606837238885,107.606022240193
1531,44008,S,3.35301604401718,91.7565896502224
1532,43978,S,3.36247914275656,89.1261286622791
1533,44076,H,4.22701171401356,115.153536296743
1534,43822,S,2.86399027343045,93.3403300940942
1535,43691,S,2.36731219470423,79.2147602881183
1536,44036,S,3.63104961710209,109.234229522901
1537,43567,H,5.04571225218493,109.171941403344
1538,44135,H,2.78172353948871,107.993822573787
1539,43858,S,3.26277799823797,98.8632878168381
1540,43901,H,5.74015760825416,121.576960370325
1541,43975,H,4.92444223412578,117.028782972043
1542,43668,H,3.69362863558848,113.045629154841
1543,43730,H,4.0726260988124,113.115843732779
1544,43670,S,1.41086992728941,103.866226227412
1545,43710,H,4.33785076930032,120.436166482146
1546,43751,S,3.36157532800279,89.9829696360728
1547,43816,H,5.83409692075026,118.467951158486
1548,43788,H,4.16620300613114,117.939984302584
1549,44005,S,3.10811199443959,94.5851501872507
1550,43958,H,4.65053686938288,119.021716005869
1551,43685,S,3.51067198297399,107.154635029593
1552,44011,H,6.55516794561046,105.441776819296
1553,43966,H,6.19150167436818,109.619027651861
1554,44048,S,3.13540401803093,113.259871325213
1555,43958,S,1.57378445813769,101.19366117624
1556,43950,S,3.38726756815429,99.4852154537287
1557,44083,S,4.80392136468882,87.2905008997386
1558,43639,S,1.36520583577081,87.0424658460197
1559,43499,H,6.33344556978838,100.031014770155
1560,43618,S,3.5719948459552,107.772547692272
1561,43906,S,3.1933345104726,101.06024573411
1562,43734,S,5.5255795146324,94.5589350455022
1563,43748,S,2.50253190436331,94.4159691133631
1564,43858,H,5.81689328150709,118.260169119832
1565,43862,H,5.42529326473172,106.949960068209
1566,43799,H,4.95352263893733,121.362115529946
1567,43688,S,2.73128213087422,100.056823120349
1568,43637,H,5.18515711001919,101.192995009148
1569,44048,S,1.9081087084303,93.8788426662879
1570,44000,H,4.26349993460437,116.255982952753
1571,43487,S,2.8695033092253,95.3061452173241
1572,44161,H,5.68054602998508,115.854909572053
1573,43638,H,4.89330555699425,101.346141273608
1574,43510,H,5.47117640788241,117.920557355965
1575,43783,H,6.30803861671665,108.201395181942
1576,43615,H,5.74235373710016,108.202654652224
1577,44140,H,4.8425355240767,106.858662960461
1578,43769,S,4.46196680505047,100.661526136081
1579,43577,S,3.18512485923639,119.568701217559
1580,44154,S,2.46054856281484,104.990602395397
1581,43941,S,0.755099566285371,83.0655032809497
1582,44031,H,4.9751884045179,112.846939869727
1583,43935,S,3.78688274688601,112.804669871521
1584,43966,S,1.56217638794581,101.515646816183
1585,43590,H,4.58096856879467,87.2141897458777
1586,43512,S,3.68868119722321,97.2025832205344
1587,43963,H,4.1758498132595,117.810212078341
1588,43726,S,2.99603455848952,110.067525175313
1589,44170,H,6.96574631406115,114.843282278184
1590,43856,H,4.20336465148112,99.1521026822698
1591,43792,S,2.85211054398623,103.453855300046
1592,43640,S,3.42822868637615,89.5538140834602
1593,44100,S,2.83373499774307,105.946511414872
1594,44019,S,3.45791242698441,98.1282242605547
1595,43482,S,1.35239136516456,103.540756955521
1596,44096,H,3.95097895676126,109.568704110235
1597,43702,H,4.58850448159441,114.402594387026
1598,43989,S,3.19134442404443,89.2819488727367
1599,43952,H,5.04737847908972,117.470529647884
1600,43594,S,3.12461372714627,108.422243770729
1601,43609,S,3.04896840843606,102.304505085688
1602,44023,S,3.68498240375466,100.741702264535
1603,44006,S,3.46285449558887,118.347635780894
1604,44017,S,3.32008006970031,100.898110268767
1605,44072,S,3.54099503758775,100.761458701345
1606,43824,H,6.14395200561028,105.586724492142
1607,44006,H,5.45739348817629,118.539581791584
1608,43912,H,5.6390103802039,95.5082450461784
1609,43666,H,5.42857074496334,116.648036046455
1610,43723,S,3.99086642192502,98.9603684158419
1611,43870,H,5.92600878409079,103.950567523826
1612,43899,H,5.3405066719974,115.180541858279
1613,43927,H,5.93084359629214,106.135609523289
1614,44062,H,3.36955980483896,107.659109517962
1615,43578,H,3.17281439854116,119.747849038225
1616,43668,H,4.54831583961246,103.168960538618
1617,43603,H,5.43110972945613,102.757089883118
1618,43782,S,2.93843193858276,99.0218350188911
1619,44024,H,5.44941637239902,108.533194644433
1620,43946,S,2.66326151791099,107.624214911918
1621,43711,H,6.51309543153114,107.238842368929
1622,43665,S,4.22079708471052,110.902532720738
1623,43720,S,1.98560749171981,103.009783934549
1624,43504,H,5.10370817787429,114.508984605542
1625,44162,H,6.17930253488511,113.57423071814
1626,44141,S,1.79258931379806,98.2345942066195
1627,44024,S,3.72337160990722,102.887029296432
1628,43863,S,2.6155390893738,105.982497189278
1629,43968,S,2.23061340555789,110.63875275707
1630,43604,H,3.04047656695134,103.31318851492
1631,43746,S,3.29940106817717,100.19449246242
1632,43506,S,4.45441615992629,93.7782733156654
1633,44084,S,1.77085760881186,94.909634834786
1634,44000,H,5.34650685454996,104.263940662341
1635,44008,H,2.90013259351266,129.724978232883
1636,43740,H,4.72707503292883,115.460976696652
1637,43783,H,4.84736260550644,107.068233079864
1638,43723,S,1.26113156947122,104.805980292491
1639,43857,S,3.67358656550078,89.0911866502604
1640,44108,S,3.61036112911445,88.0223323863785
1641,43706,H,4.77297749412707,120.424006395476
1642,44158,S,1.91697457092785,101.341140507931
1643,43550,H,5.64511295648415,115.340783281053
1644,43858,S,3.1758641166582,97.3666155670272
1645,43550,S,1.34344452793885,109.575945255607
1646,43614,S,2.28686515568198,82.7380270392128
1647,43721,S,1.66837040672319,92.9382447394343
1648,43478,H,5.87193820011402,108.693199974059
1649,43572,S,2.97279542690784,111.515670175467
1650,43909,H,4.69418373240731,103.407735498917
1651,43934,H,6.18509513936569,121.813176285547
1652,44016,S,3.62798080991054,89.3328595942409
1653,43998,H,4.74211558618736,109.964793837123
1654,44157,S,2.65044262571491,117.342583845892
1655,43916,S,3.57495846574391,103.452865634845
1656,44180,S,3.83744473937223,93.93853017583
1657,43844,S,0.914631385460463,109.045272092737
1658,43756,H,5.53325050875059,101.052664868494
1659,44154,H,4.21510449869265,114.473609848471
1660,43836,H,4.29197171691594,111.226674236101
1661,43976,H,5.43828070151186,102.196468037673
1662,43961,S,1.15328041936944,109.298436530338
1663,43736,S,3.34313421050108,98.8807269430024
1664,43565,H,6.59919716648871,111.596226884257
1665,43735,H,5.78391097903822,110.988274841177
1666,43797,S,2.70071743236589,98.781356567918
1667,43544,S,3.56259510633274,115.06959166084
1668,43961,H,5.35121868472342,114.859990968235
1669,43664,H,4.08214497317602,121.850962814455
1670,43732,H,5.33253049207986,117.472667020763
1671,44127,H,5.51161539234076,117.847693873768
1672,43881,H,3.97744294596961,120.378741860419
1673,43716,H,3.24981873928283,121.274149569022
1674,43478,S,3.0721774507932,94.8981442555274
1675,43971,S,3.75935942340247,105.092621776778
1676,44189,H,7.03781217964921,112.426592893673
1677,43502,H,5.11146886445866,113.730619606685
1678,43822,S,0.512795599636608,109.636734986035
1679,43876,H,5.30078168825746,114.405292949312
1680,43828,H,3.03955719397546,120.501761637106
1681,43765,S,2.84790305252221,106.32199340639
1682,43474,H,5.42661623155073,108.380769079786
1683,44094,S,2.39617172732607,103.776784428685
1684,43628,H,4.92488665216276,116.498651552038
1685,43856,H,5.57910641170797,116.093871519139
1686,43841,S,3.77760642843855,106.227558301505
1687,43664,H,5.74288895385842,106.033325583518
1688,44084,S,2.67843938989608,100.521810593376
1689,44127,H,5.02786032724161,114.768493246578
1690,43697,S,4.20505283992444,102.790107540523
1691,43596,H,4.81092018142095,113.3080135911
1692,43683,H,4.43456123291429,113.762881207276
1693,43789,H,6.98327063713223,102.15175850534
1694,43697,H,7.44670793618196,117.509018475512
1695,43777,S,2.160383002297,87.6149197569855
1696,44172,H,5.20452026870227,95.7036225906881
1697,43868,H,4.83365730138837,100.413063275906
1698,43832,H,5.43524217027722,108.343340584155
1699,43532,H,5.06436712744222,111.879426484741
1700,43851,H,5.20169791559348,108.111519366272
1701,43841,S,2.56193638923136,100.804815837688
1702,43907,H,3.63130523977316,99.4379665674477
1703,44089,H,4.13330827348799,107.780239250216
1704,44080,S,3.07318699409915,82.2806138144104
1705,44090,H,4.16387122221186,108.168558151182
1706,43755,S,4.38534267800473,96.9950903789409
1707,43647,H,4.25143080575915,91.7466075027494
1708,43473,H,4.03843629035113,103.662056762647
1709,43939,S,2.1363389039245,110.699589905769
1710,43593,S,3.62085733911852,73.26749856164
1711,44122,H,5.82482448097103,105.537320670587
1712,43639,H,4.98266365943212,101.655069324165
1713,43908,H,4.72719380148099,119.541733022598
1714,43593,S,3.45589343151881,91.988830206615
1715,44152,H,6.05216962693217,108.381950438015
1716,43591,H,7.10907183352099,106.86819392732
1717,44094,H,5.91461778579319,117.285138923057
1718,43528,S,3.94348486409737,112.078711272681
1719,44161,H,4.64336193624088,109.606912697246
1720,43973,S,1.08690582675982,99.1494021487751
1721,43833,S,3.13390897605475,93.084648448617
1722,43509,S,2.8721115410907,107.972771117319
1723,43971,S,2.99091210129654,123.415209839621
1724,43824,H,6.04269382479931,114.348367014849
1725,43741,H,4.71170914000792,114.674668080368
1726,43640,S,0.775261671196741,96.100292772941
1727,43926,H,6.9352501752803,113.226486346997
1728,43888,H,4.74416164102248,106.715945216682
1729,43515,H,6.47357026950016,111.774065877651
1730,44123,S,1.76907707221789,100.547833396165
1731,43935,S,0.95908229432005,92.9183105014997
1732,44083,S,5.05251116208938,109.788613751678
1733,44067,H,5.82385234270561,103.605657830108
1734,43908,S,4.44539278749112,111.304480365415
1735,43666,S,4.55951859220914,98.3354688489305
1736,43682,S,2.15342393706941,89.8249983674176
1737,43739,S,2.44081154145152,102.948099962399
1738,43911,H,4.7293535265785,121.462719548842
1739,43708,H,3.84348925336391,103.611798553019
1740,43742,H,4.46874221422035,115.016669007745
1741,43522,H,6.03431574991735,95.5021931546121
1742,43600,S,3.49496512804591,108.044953564303
1743,43850,S,4.29321190669886,89.8332964474184
1744,43704,S,2.66073761695886,103.840658555467
1745,44093,H,5.23674541947088,100.330545257976
1746,43803,H,5.14763432157353,137.645861344993
1747,44179,S,2.97336289497025,107.588382430199
1748,43656,S,2.64164505234788,100.001439927243
1749,43813,H,5.02359700121543,115.547658122132
1750,44041,S,2.20027956616889,101.327058053148
1751,43713,H,4.28613870948716,97.7320757145789
1752,43791,H,5.25956771748146,122.271724880352
1753,44191,H,5.24670280691647,94.1764821331193
1754,43520,S,3.51217859728807,97.1715058048129
1755,43484,S,2.37852509040987,87.0919654134952
1756,43779,H,5.21595639521385,119.538798203566
1757,43588,S,4.07816047478841,110.006654209676
1758,43596,H,6.34593756750655,107.099910007401
1759,44134,S,3.65202076431282,101.28433383366
1760,44034,S,2.83081736538728,98.9088652452871
1761,43817,S,4.5986299628001,108.893202085473
1762,43664,H,6.45662311564868,115.273866061632
1763,43582,H,5.24540239626822,109.774357969349
1764,44106,H,3.63530173172049,114.858769931338
1765,43631,H,4.97901483418863,110.959196899464
1766,43512,S,1.29068829226792,105.921558467294
1767,43508,S,2.8486969296144,101.321493528187
1768,43513,S,2.0857521865849,93.0265837988984
1769,44123,H,4.51584556896153,115.080106943114
1770,43829,S,2.89572992431345,102.828999523055
1771,43836,H,4.16725256038328,112.700798672018
1772,43821,S,1.88093647793569,88.4447475518377
1773,43738,H,5.40928364936492,112.075999058594
1774,43645,H,3.69381314259724,117.588945929129
1775,44006,H,5.40496296679192,114.209517299235
1776,43506,H,4.15725235677528,107.017963941986
1777,43564,S,1.90365321091737,94.5736447393175
1778,43982,H,5.02716673058159,104.467289491977
1779,44064,H,5.11272403947802,111.589575525787
1780,43823,S,2.90455024813814,110.142540541631
1781,44009,H,6.08164948577143,101.392222374657
1782,43623,H,5.7466045151914,123.077645424019
1783,43698,H,3.89989359302981,108.209552801618
1784,43886,S,2.4388358153389,99.2349353001218
1785,44100,S,3.66801913242168,109.329951002443
1786,43584,S,3.63893500490337,97.6504581140415
1787,44054,H,6.18773223424777,110.124053543806
1788,43788,S,4.3420633115042,95.3180228387913
1789,43759,S,1.60925870794876,103.960048702995
1790,43486,S,3.02377888751018,107.410574701021
1791,44153,H,3.28721981960487,97.7757085433243
1792,43804,H,5.86560973991746,107.853120403462
1793,43471,H,6.65394778507984,124.030315049693
1794,43559,H,5.42669451524442,115.552077081483
1795,44173,S,4.28253052142567,96.7890563038003
1796,44173,S,2.82646776940577,111.995094352728
1797,43852,S,1.87298102715179,104.32874634057
1798,44046,S,3.14477285435803,89.5550707048271
1799,43856,H,4.30226945915593,115.017425688797
1800,44157,H,6.89254781693426,99.5937595935427
1801,43933,H,4.66978512948241,115.348999583994
1802,43942,H,4.44095357398541,110.66365523318
1803,44188,H,4.72644072788263,119.117409540234
1804,43812,H,5.46961880634255,106.187273311972
1805,43728,H,5.16130556977569,112.448280236244
1806,43500,S,3.48351849969032,100.730172647749
1807,43858,S,3.48553828921244,108.829129067844
1808,44075,H,5.30501562438363,112.547260253206
1809,43469,H,5.21530987254511,118.313039699921
1810,43559,H,6.34653096794194,110.303815700259
1811,44165,H,5.70631523572561,114.520259093087
1812,43701,H,3.74903962012311,111.036690634079
1813,44002,H,4.75734687706328,105.270093512043
1814,43567,H,6.47432411871731,120.188676225326
1815,44142,H,5.45717352792909,113.209622078524
1816,43889,S,3.4402773208917,102.385063390726
1817,44187,S,3.02158464146292,102.473847776302
1818,43871,H,5.04982791358904,114.840626299859
1819,43601,H,4.36712761937231,125.381146143766
1820,43870,H,5.44671460622879,108.044908327834
1821,44106,H,4.05035073881018,115.117454631104
1822,44105,S,1.91118472180974,107.310060462623
1823,43935,H,5.69231416311786,114.073094098106
1824,43892,S,3.35463574949912,112.562147621309
1825,43762,S,3.95866940052899,107.306243500616
1826,43584,S,4.22701607721499,105.893587612921
1827,44051,S,3.04680994502595,113.610088271844
1828,43608,S,5.01640716958289,102.360622467316
1829,43935,H,3.33593037684211,110.67886665607
1830,44172,S,1.69037061590247,96.9751064595665
1831,43521,S,2.03402544194443,111.412043048129
1832,43653,H,3.96415499074815,125.42414591755
1833,43892,H,5.05438149638014,112.99752515879
1834,43915,S,2.81527566039072,117.637370556261
1835,43628,H,5.92894850597474,109.078761614549
1836,43968,S,3.46644208928699,90.4988242441041
1837,43537,S,1.09534090162248,101.378478840151
1838,44163,S,4.53521253150326,87.1151029579428
1839,43857,S,1.23800663445181,101.884379510945
1840,43548,S,3.0224804445661,87.1282869944464
1841,43660,S,3.80587996393102,96.8587644331655
1842,44051,S,1.85373110792577,97.935348337558
1843,43506,H,4.12153802621221,117.191325213514
1844,43723,S,2.71917672575941,89.9384061821552
1845,43879,S,4.24414154594058,97.9080375640365
1846,43882,S,4.57108235362136,108.738340962273
1847,43557,S,3.11679178172805,106.334168732161
1848,43772,S,5.25090430365785,105.795600535976
1849,43574,S,1.63629739096023,95.8213853967591
1850,43933,S,2.44547727173461,108.728701326433
1851,43482,H,5.77824798022956,99.8144088879578
1852,43610,H,4.92467336838998,111.036359680783
1853,43928,S,2.87877180629022,93.7417415892541
1854,44191,H,4.1629311165738,111.011901378794
1855,44143,S,3.04835646210789,100.867021828176
1856,44105,S,3.40848128869633,105.516537029151
1857,43507,S,3.91235842836275,88.9257579509367
1858,44084,H,5.49588199901348,106.288105225201
1859,43714,S,3.34607613418753,99.2858984801173
1860,44142,S,4.42717816772616,97.5916002449489
1861,44026,H,4.28164842973378,102.709920747418
1862,44024,S,2.38500666995492,101.318280426603
1863,43470,H,5.36939622988089,101.648659656124
1864,43629,H,4.89213374182616,112.571310272279
1865,43952,H,5.92934915768894,113.82167574979
1866,43674,S,2.24350563054646,104.342906743035
1867,43956,S,4.18871216781614,106.38786728896
1868,44003,S,2.51966988069567,111.476700583125
1869,43922,H,4.56353517583347,100.096920374244
1870,44104,H,4.29496592429745,99.9448533383802
1871,43513,H,3.68841636721494,93.6754503468831
1872,43932,H,5.48069071416263,112.891932396155
1873,43815,H,4.98621484905943,107.7605285861
1874,43965,S,3.7395716253727,105.226408821397
1875,43476,H,4.80479950399909,110.285999816562
1876,43504,H,4.26017710033362,119.681066339997
1877,43642,S,2.07037418653361,102.821491128609
1878,44139,H,5.54361369732395,93.8398977919717
1879,43670,S,3.03693545550804,98.9608656702916
1880,43801,H,4.25353581045917,114.13334220323
1881,43881,S,1.97111490190217,103.296822297764
1882,43900,H,3.93406433213537,120.160502856234
1883,43807,S,2.78371877551102,106.961454988305
1884,44040,H,4.68243402729561,127.741252253959
1885,43783,H,4.83309684324142,76.1050396095749
1886,44166,H,4.1135509657193,105.684657568161
1887,43723,S,2.22522145229962,95.9031006629478
1888,44027,H,3.42749839611403,106.854375983905
1889,43622,S,3.91781723706046,100.106491434113
1890,43589,H,5.93526192267961,107.726656749042
1891,43682,S,1.64287937802475,98.1819283838778
1892,43519,H,6.2550342302872,107.5939163129
1893,43626,S,1.87389042940828,102.135140623225
1894,44077,S,3.37805207176317,97.3380045697029
1895,43866,H,6.9876901864531,121.022746131493
1896,44021,H,2.28013874731697,106.54077034887
1897,43803,S,2.7120269502829,111.523392377771
1898,43601,S,2.29116491187435,99.7792809380006
1899,43946,H,5.08268075980856,109.728964115805
1900,44093,H,6.42561735564357,101.026017859387
